article,authorid,field,sex
5,2,eco,1
1,2,edu,1
4,2,other,1
3,4,eco,2
1,4,edu,2
19,5,eco,1
7,5,edu,1
25,5,med,1
17,5,other,1
50,6,eco,1
2,6,med,1
15,6,other,1
10,7,eco,1
6,7,med,1
13,7,other,1
4,8,edu,1
4,8,other,1
5,9,eco,2
1,9,other,2
11,10,eco,1
3,10,other,1
1,11,edu,1
6,11,other,1
2,12,eco,1
1,13,eco,1
4,13,other,1
2,14,eco,1
3,15,med,2
8,15,other,2
1,19,edu,1
5,20,edu,2
2,21,other,1
42,22,eco,1
16,22,edu,1
2,22,med,1
14,22,other,1
47,23,eco,1
1,23,other,1
1,24,eco,1
1,25,eco,1
1,25,edu,1
5,26,eco,2
1,26,other,2
1,27,eco,1
2,28,eco,1
2,29,eco,2
1,29,edu,2
10,30,eco,2
2,31,eco,1
4,32,eco,2
3,32,other,2
1,33,eco,1
1,33,other,1
1,34,other,2
1,35,other,2
7,36,eco,1
4,37,eco,1
3,38,eco,1
4,39,other,1
6,40,eco,1
3,40,other,1
1,41,eco,1
3,41,med,1
5,42,eco,2
3,42,edu,2
11,42,med,2
11,42,other,2
1,43,eco,1
1,44,eco,1
1,45,eco,1
3,46,eco,1
4,47,eco,2
1,47,other,2
2,48,med,1
1,49,other,1
2,50,other,1
9,51,eco,1
6,51,other,1
3,52,eco,1
1,52,other,1
4,53,eco,1
5,54,eco,1
1,54,med,1
4,54,other,1
5,55,eco,1
2,55,other,1
2,56,eco,1
2,57,eco,1
2,58,eco,2
1,59,other,2
1,60,eco,1
5,61,eco,1
1,61,other,1
1,62,eco,2
4,63,eco,1
3,64,eco,1
5,64,other,1
3,65,eco,2
1,65,med,2
6,65,other,2
4,66,eco,1
3,66,other,1
1,67,eco,1
1,67,other,1
6,68,eco,2
1,68,other,2
2,69,eco,1
2,70,other,2
1,71,eco,1
1,72,med,1
7,72,other,1
2,73,other,1
1,74,other,2
2,75,eco,1
1,76,eco,1
1,77,eco,2
4,78,eco,2
2,78,other,2
9,79,eco,1
5,79,other,1
20,80,eco,1
4,80,other,1
28,81,eco,1
1,81,edu,1
1,81,med,1
6,81,other,1
3,82,eco,1
5,83,eco,2
19,84,eco,1
6,84,other,1
3,85,eco,1
1,86,eco,1
1,87,eco,1
3,88,eco,1
1,88,edu,1
1,89,eco,2
1,89,edu,2
1,90,other,1
1,91,other,1
3,92,other,1
2,93,other,1
1,94,eco,1
1,94,other,1
2,95,edu,1
2,96,edu,2
1,97,eco,2
1,97,other,2
1,98,other,2
2,99,other,1
4,100,other,2
3,101,edu,1
3,101,other,1
3,102,edu,2
2,103,other,2
10,104,edu,2
1,105,edu,1
1,106,eco,1
1,106,edu,1
2,107,eco,1
8,108,eco,2
1,108,edu,2
5,109,eco,1
1,109,edu,1
1,109,other,1
6,110,eco,1
1,110,edu,1
20,111,eco,1
2,111,edu,1
1,111,other,1
1,112,other,2
11,113,eco,1
3,113,edu,1
1,113,med,1
2,113,other,1
5,114,med,1
1,115,edu,2
1,116,edu,2
1,117,eco,2
4,118,eco,1
3,119,eco,1
1,119,other,1
6,120,eco,1
1,120,edu,1
4,121,eco,1
11,121,other,1
1,122,eco,1
1,122,edu,1
1,123,eco,1
1,123,edu,1
2,129,eco,1
1,130,eco,2
1,130,edu,2
4,131,eco,1
16,132,eco,2
3,132,other,2
1,133,eco,1
12,134,edu,1
1,134,other,1
1,135,eco,1
6,136,other,1
5,137,eco,1
1,138,eco,2
1,139,other,1
2,140,eco,1
1,140,other,1
2,141,eco,1
1,141,med,1
3,142,eco,1
2,143,eco,2
7,144,eco,1
1,144,other,1
1,145,edu,2
1,145,other,2
2,146,eco,1
1,147,eco,2
1,148,eco,1
1,149,eco,2
2,149,edu,2
1,149,other,2
3,150,edu,2
1,150,other,2
1,151,eco,2
2,151,edu,2
1,151,med,2
1,152,edu,2
1,153,eco,1
1,153,other,1
6,154,other,2
2,155,med,2
3,155,other,2
1,156,eco,2
3,156,med,2
15,156,other,2
2,157,other,1
2,158,other,2
2,159,other,2
1,160,med,1
1,161,edu,1
20,161,other,1
4,162,other,1
2,163,other,2
2,164,eco,1
1,164,other,1
1,165,edu,2
1,166,other,2
1,167,eco,1
1,167,edu,1
2,167,other,1
1,168,edu,2
1,169,eco,2
4,169,other,2
1,170,other,1
2,171,other,1
1,172,other,1
1,173,edu,1
1,174,eco,2
1,175,eco,2
1,175,edu,2
3,176,eco,1
4,176,edu,1
1,176,other,1
2,177,eco,2
2,178,other,2
2,179,other,2
2,180,eco,1
2,180,other,1
2,181,edu,2
3,181,other,2
2,182,other,1
1,183,eco,1
2,184,eco,1
1,184,other,1
1,185,eco,1
1,186,eco,1
1,187,med,1
3,188,med,1
1,188,other,1
2,189,med,2
1,189,other,2
3,190,med,2
3,191,med,1
2,192,other,2
1,193,other,2
1,194,other,1
5,195,other,1
2,196,other,2
1,197,med,2
7,197,other,2
2,198,other,1
1,199,other,1
1,200,other,1
1,201,eco,2
1,202,eco,1
1,204,edu,2
1,205,eco,1
1,206,edu,2
1,206,other,2
1,207,edu,1
4,208,edu,2
1,210,other,1
2,211,eco,1
3,211,other,1
1,212,med,1
1,213,eco,2
5,213,other,2
1,214,eco,2
2,214,other,2
2,215,other,1
1,216,eco,1
2,216,other,1
2,217,other,1
1,218,other,1
10,219,med,2
3,219,other,2
3,220,eco,2
1,221,eco,2
11,222,edu,2
7,222,other,2
2,223,eco,2
4,223,edu,2
2,223,other,2
1,224,eco,1
1,225,eco,1
1,226,eco,1
3,226,edu,1
2,227,eco,2
1,228,med,1
10,228,other,1
1,229,eco,1
2,229,other,1
1,230,other,2
1,231,other,1
1,232,other,2
1,233,other,1
2,234,other,1
1,235,other,1
1,236,eco,1
2,236,med,1
1,237,med,1
2,237,other,1
3,238,eco,2
4,239,eco,1
2,239,other,1
7,240,eco,1
2,241,eco,1
1,241,other,1
2,242,eco,1
2,242,edu,1
1,242,other,1
2,243,med,2
1,243,other,2
1,244,eco,1
1,244,med,1
3,244,other,1
3,245,eco,2
1,246,edu,1
1,246,other,1
1,247,edu,2
6,247,med,2
1,247,other,2
1,248,other,2
13,249,med,2
3,249,other,2
2,250,other,2
2,251,other,2
2,252,med,2
2,252,other,2
1,253,eco,1
2,254,eco,1
2,255,med,2
1,256,eco,1
2,256,edu,1
1,257,edu,1
1,258,edu,2
1,259,eco,2
2,259,med,2
7,259,other,2
2,260,eco,2
2,260,med,2
11,260,other,2
5,261,other,2
1,262,med,1
4,262,other,1
1,263,other,2
1,264,edu,2
2,265,edu,2
1,265,med,2
7,265,other,2
1,266,edu,1
1,267,edu,2
4,267,other,2
1,268,edu,2
2,268,other,2
3,269,edu,2
3,270,edu,2
3,270,other,2
2,271,edu,1
5,272,eco,1
3,273,other,2
9,274,eco,1
1,275,other,2
3,276,other,2
1,277,eco,1
1,278,eco,1
2,278,med,1
1,279,eco,2
5,279,other,2
7,280,other,1
2,281,med,1
4,281,other,1
1,282,other,1
1,283,other,1
1,284,eco,2
14,284,other,2
2,285,other,1
6,286,edu,2
1,287,other,2
3,288,eco,2
3,289,other,2
5,290,other,1
1,291,eco,2
6,291,other,2
1,292,other,1
1,293,eco,2
7,293,other,2
2,294,other,2
2,295,other,2
2,296,eco,1
8,296,other,1
2,297,eco,1
2,297,other,1
1,298,other,1
1,299,eco,1
1,299,other,1
2,300,other,2
1,301,edu,2
45,302,edu,2
2,302,other,2
1,303,edu,2
5,304,eco,2
1,304,other,2
3,305,eco,1
5,305,other,1
6,306,other,1
1,307,eco,1
2,307,other,1
1,308,other,1
1,309,eco,1
1,310,edu,1
1,311,edu,1
1,312,edu,2
5,313,edu,2
6,314,edu,2
1,314,other,2
5,315,edu,2
1,317,other,1
1,318,other,1
2,319,other,1
1,320,med,1
14,321,eco,1
1,322,med,2
1,323,eco,1
1,323,other,1
1,324,eco,1
1,324,other,1
1,325,eco,1
2,325,other,1
9,326,eco,1
1,326,edu,1
1,326,other,1
5,328,eco,1
2,328,edu,1
13,328,other,1
2,329,eco,1
1,329,other,1
1,330,eco,2
3,331,eco,1
1,332,eco,2
1,333,eco,1
5,333,other,1
1,337,eco,2
1,338,eco,2
2,339,eco,2
1,340,eco,1
1,341,other,1
1,342,other,1
4,343,eco,2
3,343,other,2
1,344,eco,1
3,344,other,1
1,345,other,2
1,346,other,1
1,347,eco,1
9,347,other,1
2,348,other,1
1,349,other,1
1,350,other,2
1,351,med,1
1,352,eco,1
1,352,other,1
10,353,eco,1
2,353,edu,1
4,353,other,1
1,354,eco,1
1,355,eco,1
1,355,other,1
3,356,eco,1
2,357,eco,2
1,358,eco,1
1,359,eco,1
1,360,eco,1
2,361,eco,1
2,362,other,1
1,363,other,1
1,364,eco,1
1,365,other,1
1,366,other,1
1,367,other,1
1,368,other,2
1,369,eco,1
1,369,med,1
1,369,other,1
1,370,other,1
1,372,other,1
4,373,other,2
2,374,other,1
1,375,edu,1
4,376,edu,1
1,377,edu,1
2,378,edu,1
1,378,other,1
1,379,other,2
1,380,edu,1
2,380,other,1
2,381,eco,2
1,382,other,1
2,383,other,1
3,384,edu,2
1,385,other,1
1,387,eco,2
1,387,other,2
5,388,other,2
1,390,other,1
2,391,eco,1
4,391,other,1
1,392,eco,1
1,393,eco,1
1,393,other,1
2,394,other,1
2,395,eco,1
5,396,eco,1
7,397,other,1
1,398,eco,1
1,399,eco,1
1,400,eco,1
2,401,eco,2
1,402,other,1
1,403,other,1
1,404,other,2
8,405,eco,1
1,405,edu,1
1,406,eco,1
1,406,edu,1
9,407,other,1
2,408,edu,2
1,409,eco,2
2,409,med,2
2,409,other,2
1,410,edu,2
1,411,edu,2
2,411,med,2
5,411,other,2
23,412,med,1
18,412,other,1
1,413,edu,2
14,413,med,2
8,413,other,2
30,414,med,1
28,414,other,1
1,415,med,2
1,415,other,2
1,416,med,2
1,416,other,2
2,417,other,1
1,418,med,1
3,418,other,1
2,419,med,1
4,419,other,1
3,420,med,2
1,420,other,2
6,421,med,2
3,421,other,2
1,422,other,2
2,423,eco,1
3,423,edu,1
8,423,med,1
11,423,other,1
2,424,edu,1
1,424,med,1
5,424,other,1
1,437,eco,2
2,437,edu,2
18,437,other,2
6,452,eco,1
5,452,edu,1
2,452,other,1
3,453,eco,2
1,453,edu,2
2,456,eco,1
1,457,eco,2
3,457,edu,2
5,458,med,1
1,460,eco,1
1,462,med,2
1,463,eco,2
1,464,eco,2
6,464,other,2
3,465,med,2
1,465,other,2
1,466,edu,1
4,467,eco,1
10,469,eco,1
1,470,eco,2
1,471,other,1
2,472,eco,1
4,473,other,1
18,474,eco,1
9,474,other,1
1,475,other,1
5,476,med,2
3,477,eco,1
1,477,other,1
6,478,med,1
1,479,eco,2
3,479,other,2
4,480,eco,1
1,480,other,1
35,481,eco,1
1,481,other,1
3,482,eco,1
1,483,med,1
1,484,eco,2
2,485,eco,2
1,486,eco,2
2,486,med,2
4,486,other,2
4,487,eco,2
1,488,eco,2
1,489,eco,2
2,490,eco,2
1,491,other,2
1,492,med,2
1,493,eco,1
5,494,eco,1
2,494,other,1
3,495,other,1
2,496,other,1
1,497,eco,1
1,498,eco,1
1,500,eco,2
12,501,eco,1
1,502,eco,1
1,504,other,1
2,505,other,1
1,506,eco,2
1,506,other,2
2,507,eco,1
5,507,other,1
1,510,eco,1
11,512,eco,1
20,513,edu,2
2,513,other,2
3,514,other,2
2,515,eco,1
1,515,other,1
1,517,eco,1
1,518,eco,1
1,518,med,1
3,518,other,1
4,519,med,1
5,522,other,1
1,529,edu,1
5,530,eco,1
1,530,med,1
4,530,other,1
1,531,eco,2
1,534,other,1
2,1624,eco,2
3,1624,edu,2
3,1624,med,2
8,1624,other,2
1,1625,other,1
1,1631,other,2
2,1632,med,1
1,1632,other,1
3,1650,other,1
5,1682,eco,1
1,1682,edu,1
3,1682,other,1
1,1813,other,1
1,1850,eco,1
1,1867,other,1
1,1868,eco,1
2,1868,edu,1
5,1868,other,1
1,1869,other,1
1,1871,other,1
1,1877,eco,1
1,1878,other,2
3,1879,med,1
3,1881,eco,1
1,1881,other,1
1,1883,other,1
1,1884,other,1
1,1885,other,1
2,1886,eco,1
1,1886,other,1
1,1891,other,2
5,1899,med,1
2,1904,eco,1
3,1909,med,2
2,1909,other,2
2,1925,med,1
2,1926,other,1
1,1928,other,2
1,1932,other,1
1,1936,edu,2
4,1945,med,1
8,1945,other,1
5,1947,med,1
9,1947,other,1
4,1953,med,2
8,1953,other,2
6,1963,med,2
11,1963,other,2
1,1969,eco,1
1,1969,other,1
1,1972,other,1
1,1973,other,2
3,1978,med,2
1,1984,other,1
1,1985,other,1
1,1986,other,1
1,2015,eco,1
1,2015,other,1
1,2018,edu,2
1,2019,edu,1
1,2020,edu,2
1,2021,edu,1
1,2022,edu,2
4,2024,other,2
5,2026,other,1
1,2042,other,2
1,2044,other,2
1,2046,eco,1
1,2047,eco,2
2,2058,other,2
1,2059,other,1
1,2078,eco,1
2,2078,other,1
1,2083,eco,1
1,2083,other,1
4,2086,other,1
1,2092,other,1
1,2095,med,1
1,2098,med,2
1,2107,eco,1
1,2107,other,1
1,2119,eco,1
1,2120,med,2
1,2120,other,2
1,2122,other,2
1,2129,other,1
1,2130,eco,2
1,2132,eco,1
1,2133,eco,1
1,2134,eco,1
1,2138,other,1
1,2140,eco,1
1,2140,other,1
1,2142,eco,1
2,2161,other,2
19,2184,eco,1
59,2184,med,1
4,2184,other,1
6,2186,eco,2
21,2186,med,2
3,2186,other,2
1,2190,other,2
2,2215,med,2
2,2216,med,1
1,2224,eco,1
1,2224,med,1
4,2252,eco,1
1,2254,eco,2
1,2269,other,2
2,2271,eco,2
1,2271,other,2
1,2277,eco,1
4,2277,med,1
1,2277,other,1
1,2296,other,1
2,2297,other,1
1,2299,other,1
1,2301,eco,1
1,2301,other,1
1,2303,other,2
2,2306,other,2
1,2308,other,1
1,2311,med,2
2,2311,other,2
1,2324,med,2
1,2372,eco,2
4,2375,med,2
5,2375,other,2
1,2377,med,2
1,2377,other,2
1,2409,edu,2
1,2412,other,2
1,2440,med,1
1,2444,other,2
1,2445,other,2
1,2446,other,2
1,2447,other,1
1,2450,other,1
1,2451,other,1
2,2461,other,1
2,2465,other,1
1,2466,other,1
2,2477,other,1
1,2498,eco,1
1,2499,eco,2
2,2516,eco,1
1,2521,eco,1
1,2525,eco,2
1,2528,eco,1
2,2531,eco,2
1,2533,eco,2
1,2559,other,2
1,2564,eco,1
3,2564,other,1
1,2575,eco,2
1,2583,eco,1
3,2630,other,1
2,2664,other,1
1,2665,other,2
3,2666,other,1
3,2667,other,1
1,2668,other,2
1,2670,other,1
3,2674,eco,2
2,2674,edu,2
2,2681,edu,2
1,2682,edu,2
3,2685,other,2
1,2686,other,2
1,2688,other,1
1,2692,edu,2
1,2692,other,2
2,2693,edu,2
2,2694,other,2
1,2700,eco,2
1,2700,other,2
1,2701,med,1
1,2701,other,1
1,2703,med,2
1,2703,other,2
15,2708,other,1
6,2711,eco,2
1,2711,edu,2
1,2711,med,2
3,2711,other,2
2,2712,edu,2
9,2714,eco,1
3,2714,edu,1
17,2714,other,1
5,2715,eco,2
1,2715,edu,2
1,2715,other,2
4,2716,eco,1
1,2716,edu,1
1,2716,other,1
13,2717,eco,1
5,2717,edu,1
5,2717,other,1
1,2718,eco,2
1,2718,edu,2
1,2719,eco,2
2,2719,edu,2
1,3710,edu,1
1,3713,eco,1
2,3714,eco,1
1,3714,edu,1
1,3714,other,1
1,3716,other,1
1,3717,other,1
1,3718,other,2
1,4714,other,2
2,4719,edu,2
1,4721,eco,2
3,4723,eco,2
5,4723,other,2
2,4724,other,1
1,4727,eco,1
1,5715,other,2
1,5716,edu,2
2,5716,other,2
4,5718,other,2
1,5719,eco,1
1,5723,eco,2
2,5725,other,2
2,5729,eco,2
3,5730,eco,1
1,5731,eco,2
1,5732,eco,2
1,5738,eco,1
2,5738,other,1
1,5746,other,2
1,5762,other,1
1,5763,med,2
1,5764,eco,1
1,5764,other,1
4,5765,other,1
1,5766,other,2
4,5767,other,1
2,5781,other,1
2,5782,eco,1
1,5782,other,1
1,5784,other,1
2,5790,eco,1
1,5790,other,1
1,5793,eco,1
1,5793,other,1
1,5795,eco,2
1,5797,eco,2
1,5797,edu,2
1,5798,eco,1
1,5798,edu,1
1,5799,eco,1
1,5799,edu,1
1,5800,eco,1
1,5800,med,1
1,5800,other,1
1,5801,eco,1
1,5801,edu,1
1,5803,eco,1
1,5803,other,1
2,5804,edu,2
3,5807,eco,2
7,5807,other,2
3,5809,eco,1
4,5809,other,1
2,5812,eco,1
1,5812,other,1
1,5818,eco,2
2,5819,eco,1
5,5821,other,1
1,5822,other,1
2,5828,eco,1
1,5829,eco,2
1,5831,other,2
1,5833,other,2
1,5834,other,1
1,5841,other,1
1,5844,eco,1
1,5852,eco,1
1,5852,other,1
1,5853,eco,1
1,5853,other,1
1,5854,eco,2
1,5855,med,2
1,5856,med,1
2,5859,eco,1
4,5859,other,1
9,5860,eco,1
2,5860,med,1
3,5860,other,1
1,5863,other,1
1,5864,eco,2
1,5864,other,2
1,5866,eco,1
1,5867,eco,2
1,5869,eco,2
1,5870,eco,2
1,5873,other,1
2,5876,edu,2
1,5877,edu,2
2,5878,edu,1
6,5879,edu,2
2,5882,eco,2
3,5882,edu,2
2,5885,edu,2
1,5890,eco,1
1,5892,other,2
1,5893,other,2
1,5894,other,1
1,5896,other,1
1,5900,edu,2
1,5901,edu,2
1,5902,edu,2
1,5914,edu,2
1,5914,other,2
1,5917,edu,2
1,5919,other,2
1,5921,eco,1
4,5921,other,1
1,5938,other,2
3,5939,other,2
2,5943,other,1
2,5951,eco,1
1,5951,other,1
3,5952,med,2
1,5953,med,1
13,5961,eco,1
98,5961,med,1
8,5961,other,1
4,5962,med,1
1,5963,med,1
4,5964,med,2
1,5965,med,1
4,5966,eco,1
51,5966,med,1
3,5966,other,1
2,5967,eco,2
17,5967,med,2
1,5967,other,2
5,5968,med,1
1,5968,other,1
2,5969,med,1
2,5970,eco,1
6,5970,med,1
13,5971,med,1
1,5971,other,1
3,5974,eco,2
29,5974,med,2
2,5974,other,2
6,5975,med,2
3,5980,med,1
1,5985,edu,1
2,5991,other,1
1,5994,eco,2
2,5994,other,2
1,5997,eco,2
1,5998,eco,2
6,5999,other,2
2,6000,eco,1
2,6000,other,1
8,6001,eco,1
12,6001,other,1
20,6003,eco,1
29,6003,other,1
3,6004,eco,2
2,6005,edu,1
1,6006,edu,1
1,6006,other,1
3,6012,eco,1
9,6012,other,1
1,6015,eco,2
1,6015,other,2
1,6017,other,1
1,6021,eco,2
2,6021,other,2
4,6028,eco,1
1,6028,edu,1
2,6030,eco,1
1,6033,eco,1
1,6034,eco,2
7,6035,eco,1
3,6036,eco,1
3,6036,other,1
4,6039,eco,1
1,6043,med,2
2,6043,other,2
1,6045,med,1
1,6045,other,1
1,6047,med,2
1,6047,other,2
1,6048,med,2
1,6048,other,2
1,6049,eco,1
1,6051,other,2
1,6054,eco,1
1,6054,other,1
1,6055,eco,2
1,6056,eco,2
1,6056,other,2
1,6058,eco,1
1,6059,eco,1
1,6060,other,2
1,6061,other,2
2,6062,other,1
1,6068,eco,1
1,6070,other,1
1,6082,other,1
3,6085,edu,2
1,6089,eco,2
1,6091,eco,1
3,6092,eco,2
4,6094,eco,1
8,6097,other,2
8,6100,eco,2
3,6100,edu,2
5,6100,other,2
7,6105,med,2
1,6105,other,2
7,6106,med,2
1,6106,other,2
1,6109,eco,2
18,6109,med,2
2,6109,other,2
9,6110,med,2
1,6110,other,2
2,6111,med,2
1,6111,other,2
2,6117,med,2
1,6118,eco,2
1,6118,med,2
2,6120,eco,1
25,6120,med,1
2,6120,other,1
1,6122,other,2
1,6123,other,2
8,6124,med,2
1,6124,other,2
1,6126,other,2
1,6130,other,1
2,6133,other,1
4,6135,other,2
14,6136,other,1
1,6137,other,2
1,6147,eco,2
2,6149,other,1
1,6150,eco,1
1,6153,eco,1
4,6153,other,1
1,6156,other,1
4,6157,other,2
1,6159,eco,2
1,6160,med,2
1,6161,med,2
1,6163,med,2
1,6164,eco,2
2,6167,other,1
2,6170,other,1
3,6173,other,1
6,6175,other,1
1,6177,other,1
2,6178,eco,1
2,6178,other,1
3,6182,eco,1
3,6182,other,1
4,6185,edu,2
1,6185,other,2
1,6197,eco,2
3,6198,eco,1
1,6201,eco,2
5,6202,eco,2
3,6211,eco,2
5,6211,med,2
4,6212,eco,1
15,6212,med,1
2,6212,other,1
2,6213,eco,1
4,6213,med,1
1,6216,edu,1
3,6217,edu,1
2,6224,eco,2
5,6224,med,2
2,6225,eco,1
10,6225,med,1
2,6226,eco,1
18,6226,med,1
1,6226,other,1
1,6239,eco,1
1,6239,edu,1
1,6240,med,2
1,6244,eco,1
1,6246,eco,2
1,6247,eco,1
1,6253,other,1
1,6254,other,1
2,6255,other,2
2,6257,med,2
1,6258,med,2
7,6259,med,2
3,6260,med,1
1,6261,eco,1
3,6261,med,1
1,6263,med,2
1,6264,med,2
1,6267,eco,2
1,6267,edu,2
1,6270,eco,1
1,6270,other,1
1,6274,med,1
1,6274,other,1
1,6279,med,1
1,6279,other,1
1,6280,med,2
1,6280,other,2
1,6282,eco,1
1,6282,med,1
1,6283,med,1
1,6283,other,1
1,6284,med,2
1,6284,other,2
1,6285,med,1
1,6285,other,1
1,6286,med,2
1,6286,other,2
1,6287,med,1
1,6287,other,1
4,6288,med,2
2,6288,other,2
1,6289,med,2
1,6290,eco,1
1,6290,other,1
1,6291,eco,2
1,6291,med,2
2,6292,med,1
9,6296,med,2
2,6296,other,2
1,6298,eco,1
1,6298,med,1
1,6299,eco,2
1,6299,med,2
2,6300,med,1
1,6301,med,2
4,6303,eco,2
18,6303,med,2
2,6303,other,2
1,6304,med,1
1,6304,other,1
1,6305,med,1
1,6305,other,1
1,6307,med,1
1,6307,other,1
1,6308,med,1
1,6308,other,1
1,6310,eco,1
1,6310,med,1
1,6311,med,1
1,6315,med,1
1,6315,other,1
1,6316,eco,1
4,6316,med,1
1,6316,other,1
1,6323,med,2
1,6325,edu,1
1,6329,med,2
1,6331,med,1
2,6332,med,2
1,6334,med,2
1,6336,med,2
1,6337,med,2
2,6338,med,2
1,6339,edu,2
1,6347,eco,2
5,6347,med,2
1,6348,med,2
1,6349,med,2
1,6350,med,1
2,6351,med,1
1,6352,med,1
1,6357,eco,1
3,6360,eco,1
1,6360,other,1
1,6363,other,2
1,6365,other,2
1,6369,other,1
1,6370,eco,1
1,6370,other,1
1,6371,med,1
1,6371,other,1
2,6372,med,1
5,6373,med,1
1,6373,other,1
6,6374,med,1
1,6374,other,1
3,6375,med,1
1,6375,other,1
1,6379,other,2
2,6387,med,1
1,6390,med,1
3,6392,med,2
1,6393,med,1
1,6394,med,1
1,6425,eco,2
1,6425,other,2
1,6426,eco,1
1,6426,med,1
1,6429,eco,1
2,6429,med,1
1,6429,other,1
1,6430,med,1
1,6434,med,2
1,6436,med,2
1,6437,med,2
1,6438,med,1
1,6439,med,1
1,6444,edu,2
5,6448,eco,2
1,6448,other,2
1,6453,other,2
1,6457,eco,1
1,6462,med,1
1,6464,other,1
1,6467,eco,1
1,6467,other,1
1,6468,eco,2
1,6468,other,2
1,6469,edu,2
1,6469,other,2
1,6471,eco,2
9,6472,eco,2
1,6474,med,2
1,6475,med,2
1,6475,other,2
1,6476,med,2
3,6482,edu,2
2,6482,other,2
3,6487,eco,2
5,6489,eco,1
1,6489,edu,1
1,6489,other,1
1,6491,eco,2
1,6492,eco,2
3,6494,eco,1
1,6494,edu,1
1,6495,eco,1
1,6497,other,1
1,6498,med,1
1,6499,eco,1
1,6500,eco,2
2,6503,eco,2
2,6504,eco,1
1,6506,eco,1
1,6507,eco,1
1,6508,eco,1
1,6512,eco,2
1,6514,eco,2
1,6515,eco,1
6,6516,eco,1
1,6516,edu,1
1,6518,eco,2
1,6525,eco,1
1,6526,eco,1
1,6532,eco,1
1,6536,eco,1
1,6537,eco,2
1,6547,eco,2
3,6548,eco,2
1,6548,other,2
2,6563,eco,1
1,6563,other,1
1,6568,eco,2
1,6569,eco,2
1,6570,eco,1
3,6576,edu,1
1,6579,edu,2
1,6580,edu,2
1,6581,eco,1
1,6582,eco,1
1,6583,eco,2
2,6584,eco,2
1,6587,eco,2
9,6588,med,1
2,6602,eco,2
1,6603,eco,2
1,6604,eco,2
1,6607,med,1
1,6611,eco,2
1,6612,eco,1
1,6613,eco,2
2,6613,med,2
4,6615,eco,1
10,6615,med,1
2,6615,other,1
1,6618,eco,1
2,6618,med,1
2,6624,eco,1
5,6624,med,1
1,6627,med,2
1,6628,med,2
2,6631,med,1
1,6631,other,1
1,6633,eco,2
1,6633,med,2
1,6635,med,2
1,6637,med,1
3,6638,med,1
1,6640,med,2
2,6642,eco,1
1,6643,eco,1
1,6644,eco,1
2,6645,eco,1
2,6646,eco,2
6,6646,med,2
1,6646,other,2
2,6647,eco,2
6,6647,med,2
2,6647,other,2
1,6648,eco,2
2,6648,med,2
2,6651,edu,2
1,6651,other,2
1,6655,other,2
1,6658,eco,1
1,6658,other,1
1,6666,eco,2
1,6668,eco,1
1,6671,eco,2
3,6683,eco,2
1,6684,eco,1
1,6685,eco,1
1,6686,eco,2
1,6688,eco,2
4,6692,med,1
1,6692,other,1
1,6693,med,2
1,6693,other,2
4,6694,med,1
1,6694,other,1
1,6696,med,2
1,6699,med,1
1,6701,eco,1
1,6702,eco,2
1,6712,eco,1
1,6715,med,2
2,6715,other,2
1,6717,eco,2
2,6717,med,2
1,6718,med,1
1,6720,med,2
1,6721,med,1
1,6722,med,2
1,6724,med,2
1,6725,med,1
1,6726,med,2
1,6727,med,2
1,6730,eco,1
5,6730,med,1
1,6730,other,1
1,6732,eco,1
2,6732,med,1
1,6732,other,1
1,6735,eco,1
1,6740,eco,1
1,6741,eco,1
2,6742,eco,2
1,6742,other,2
3,6744,med,2
2,6744,other,2
1,6746,med,1
1,6746,other,1
1,6753,eco,2
4,6753,med,2
1,6753,other,2
1,6755,med,2
2,6756,eco,1
1,6756,other,1
6,6757,eco,2
2,6757,edu,2
4,6757,other,2
2,6758,eco,1
1,6758,other,1
1,6759,eco,2
1,6767,other,2
1,6769,other,1
1,6773,edu,2
1,6774,eco,2
1,6774,med,2
1,6783,eco,1
1,6783,med,1
1,6786,other,1
2,6788,other,1
1,6789,other,1
1,6791,eco,1
1,6794,other,2
1,6796,other,2
1,6797,other,1
5,6798,eco,1
1,6804,eco,1
1,6806,other,1
1,6807,other,1
1,6808,other,2
2,6809,eco,2
13,6809,other,2
1,6810,med,2
1,6811,med,2
1,6812,med,2
1,6813,med,1
1,6814,med,2
1,6817,edu,2
1,6821,eco,1
2,6826,eco,1
1,6841,eco,1
1,6841,med,1
1,6848,eco,1
1,6848,med,1
1,6852,other,1
1,6858,med,1
1,6858,other,1
1,6859,med,2
1,6859,other,2
1,6863,other,2
1,6864,other,2
1,6866,other,1
1,6873,other,2
1,6875,other,2
1,6877,edu,2
5,6878,edu,2
1,6879,edu,2
1,6887,eco,2
1,6887,other,2
1,6888,eco,1
1,6889,eco,1
3,6894,eco,2
1,6895,eco,1
1,6897,eco,2
1,6898,eco,1
1,6899,eco,1
1,6900,eco,2
1,6901,eco,2
1,6901,other,2
1,6903,eco,1
2,6911,med,2
1,6911,other,2
1,6917,edu,1
1,6917,med,1
1,6929,eco,1
3,6931,eco,1
1,6934,other,1
1,6944,other,1
1,6955,edu,2
1,6958,edu,2
1,6958,other,2
1,6968,eco,1
1,6969,edu,1
1,6972,edu,2
1,6977,edu,1
2,6980,other,2
1,6994,eco,2
1,6994,other,2
2,7004,edu,2
1,7010,edu,2
1,7013,edu,1
1,7014,edu,2
1,7021,edu,1
1,7022,edu,2
1,7023,edu,2
1,7024,eco,1
1,7039,edu,2
1,7042,edu,1
1,7043,edu,1
1,7044,edu,2
1,7047,eco,2
2,7050,eco,2
1,7054,eco,2
2,7059,eco,1
2,7060,eco,1
2,7061,eco,1
1,7086,eco,2
1,7086,other,2
1,7089,eco,2
1,7089,other,2
1,7092,edu,1
1,7093,edu,2
1,7094,edu,2
1,7095,edu,2
2,7108,eco,2
2,7111,edu,2
1,7129,other,1
1,7130,other,2
1,7149,edu,2
1,7149,other,2
1,7152,edu,1
1,7164,eco,1
1,7190,other,1
2,7207,eco,2
2,7224,other,2
2,7228,eco,1
2,7228,other,1
2,7229,eco,2
2,7229,other,2
1,7231,eco,1