Query,Clicks,Impressions,CTR,Position
sshpa,52,140,37.14%,1.1
2001 a space odyssey giải thích,36,201,17.91%,4.47
web of science là gì,27,144,18.75%,3.52
scopus là gì,19,921,2.06%,8.11
danh mục tạp chí isi có uy tín nafosted,17,148,11.49%,5.66
the big short,11,632,1.74%,13.21
tra cứu tạp chí scopus,10,154,6.49%,6.84
ví dụ về csr ở việt nam,10,151,6.62%,5.91
thầy phạm quang hưng mất,10,48,20.83%,6.98
corresponding author là gì,9,416,2.16%,8.08
2001 a space odyssey,8,207,3.86%,11.31
the big short review,8,62,12.9%,4.85
danh sách tạp chí isi nafosted,8,52,15.38%,6.65
scopus,7,1201,0.58%,10.27
tạp chí scopus,7,197,3.55%,7.88
sách chuyên khảo là gì,7,143,4.9%,10.34
emerging sources citation index là gì,7,62,11.29%,5.32
hoàng thất nhật bản,6,179,3.35%,9.77
arxiv là gì,6,120,5%,4.93
gây quỹ cộng đồng,6,118,5.08%,8.38
kiểm tra tạp chí scopus,6,106,5.66%,6
conference proceedings là gì,6,83,7.23%,8.88
tạp chí scopus việt nam,5,110,4.55%,8.93
mdpi là gì,5,42,11.9%,9.45
cách xem chỉ số impact factor,5,30,16.67%,11.5
2001: a space odyssey,4,288,1.39%,10.38
thắng thua không quan trọng,4,209,1.91%,7
"masahito, hoàng tử hitachi",4,177,2.26%,1.65
orcid la gi,4,129,3.1%,6.68
phim the big short,4,99,4.04%,13.49
netnography là gì,4,58,6.9%,2.57
sjr là gì,4,26,15.38%,4.5
ssrn là gì,4,25,16%,3.24
giải thích phim the big short,4,23,17.39%,4.26
the big short sách,4,23,17.39%,6.57
orcid id là gì,4,18,22.22%,6.06
thầy phạm quang hưng qua đời,4,14,28.57%,4.57
hoàng gia nhật bản,3,129,2.33%,24.42
cuộc sống hoàng gia nhật bản,3,78,3.85%,21.59
nhà xuất bản springer,3,77,3.9%,8.18
impact factor là gì,3,47,6.38%,9.34
phim 2001 a space odyssey,3,41,7.32%,14.29
bảng xếp hạng đại học thế giới 2019,3,25,12%,9.48
các đề tài nghiên cứu khoa học về xe buýt,3,7,42.86%,17.86
bóng đá dữ liệu,2,409,0.49%,9.89
bayesian là gì,2,124,1.61%,7.83
danh sách đề tài nafosted 2018,2,59,3.39%,7.05
phim a space odyssey,2,56,3.57%,13.34
nafosted 2019,2,55,3.64%,8.22
ví dụ về trách nhiệm xã hội của doanh nghiệp,2,54,3.7%,10
michael burry là ai,2,46,4.35%,10.85
hoàng tộc nhật bản,2,45,4.44%,11.84
scimago là gì,2,39,5.13%,10.36
bất bình đẳng thu nhập,2,19,10.53%,17.37
tâm lý học xã hội,2,16,12.5%,28.81
trầm cảm,2,16,12.5%,61
kinh nghiệm trả lời phản biện,2,11,18.18%,22.73
thắng hay thua không quan trọng,2,10,20%,8.8
bài phản biện đề tài nghiên cứu khoa học,2,10,20%,67.3
xác suất bayes,2,7,28.57%,30.29
yoshiki sasai,2,5,40%,6.8
scicomm,2,5,40%,9.2
jcr 2019,2,3,66.67%,8.33
dữ liệu bóng đá,1,460,0.22%,9.86
định lý bayes,1,309,0.32%,6.82
a space odyssey,1,232,0.43%,11.35
tfp,1,183,0.55%,8.04
elsevier là gì,1,157,0.64%,9.76
hoàng tử hitachi,1,133,0.75%,7.44
peer review là gì,1,125,0.8%,10.5
universal basic income là gì,1,117,0.85%,8.5
springer là gì,1,108,0.93%,9.05
isi web of knowledge,1,80,1.25%,10.91
big short,1,75,1.33%,9.68
người kế vị hoàng gia nhật bản,1,65,1.54%,7.37
feynman,1,57,1.75%,7.28
palgrave communications impact factor,1,48,2.08%,26.88
các loại virus,1,46,2.17%,19.91
hoàng gia nhật,1,44,2.27%,37.25
thân vương fumihito,1,42,2.38%,9.55
khoảng trống nghiên cứu là gì,1,37,2.7%,8.76
orcid là gì,1,29,3.45%,5.97
tạp chí nature,1,26,3.85%,11.77
quỹ nafosted,1,26,3.85%,32.69
yoshinori watanabe,1,25,4%,5.24
diễn đàn ted,1,25,4%,10.76
bài báo khoa học,1,24,4.17%,71.58
nafosted 2018,1,23,4.35%,7.35
varhs,1,23,4.35%,37.83
the big short phim,1,22,4.55%,15.05
trách nhiệm xã hội của doanh nghiệp,1,21,4.76%,81.1
vương triết sex,1,20,5%,15.6
pnas scimago,1,17,5.88%,9.06
các thực nghiệm trong tâm lý học xã hội,1,17,5.88%,14
đề tài nghiên cứu marketing,1,17,5.88%,31
tà thuật,1,17,5.88%,49.82
bảng xếp hạng đại học thế giới 2018,1,16,6.25%,20.5
thống kê bayes,1,16,6.25%,22.06
học triết học để làm gì,1,16,6.25%,29.25
scie là gì,1,15,6.67%,8.2
thiên hoàng hirohito,1,15,6.67%,35.47
xếp hạng đại học thế giới 2019,1,14,7.14%,10.36
csr ở việt nam,1,13,7.69%,10.08
nhà tâm lý học nổi tiếng,1,13,7.69%,25.92
hoàng tử fumihito,1,12,8.33%,12
thiên kiến xác nhận,1,12,8.33%,36.83
citescore 2018,1,12,8.33%,37.25
tran dinh phong,1,12,8.33%,47.75
mô hình t rex,1,11,9.09%,3.73
khoa học lý thú,1,11,9.09%,9.45
chủ nghĩa hoài nghi,1,11,9.09%,38.27
2001: a space odyssey review,1,10,10%,3
hậu quả của bất bình đẳng thu nhập,1,10,10%,5.9
thiên hoàng nhật bản,1,10,10%,36.9
isi scopus là gì,1,8,12.5%,13.75
nghiên cứu cơ bản,1,8,12.5%,53.88
lưu trọng tuấn,1,8,12.5%,61
review the big short,1,7,14.29%,4.57
tạp chí isi/scopus là gì,1,7,14.29%,15.57
citescore scopus,1,7,14.29%,21.71
vốn xã hội,1,7,14.29%,75
rộp rộp vn,1,6,16.67%,12.67
bảng xếp hạng các trường đại học mỹ 2019,1,6,16.67%,13
2001: a space odyssey (1968),1,6,16.67%,19
thí nghiệm tâm lý,1,6,16.67%,22.17
vấn đề dân tộc,1,6,16.67%,28.5
cánh hữu,1,6,16.67%,51
phim chuyện phố phường,1,6,16.67%,51.17
web of science scopus,1,5,20%,6.6
chuỗi cung ứng bền vững,1,5,20%,10.4
open access là gì,1,5,20%,12.2
tra cứu chỉ số if,1,5,20%,12.8
đạo đức khoa học,1,5,20%,13.4
journal citation reports 2019,1,5,20%,41.8
hình ảnh cô độc,1,5,20%,52.4
publons,1,4,25%,3
clarivate analytics là gì,1,4,25%,3.5
phương pháp feynman,1,4,25%,15.75
khi nào dùng công thức bayes,1,4,25%,46
tfp 2018,1,3,33.33%,5.67
impact factor scopus,1,3,33.33%,9
bayes thomas,1,3,33.33%,11.67
thiên hoàng chiêu hòa,1,3,33.33%,30
clarivate analytics 2019,1,2,50%,5.5
clarivate impact factor 2018,1,2,50%,7.5
wos isi,1,2,50%,10
the stanford prison experiment,1,2,50%,11.5
tiho ancev,1,2,50%,16
feynman lecture,1,2,50%,18
tiểu văn hóa,1,2,50%,18
nguyễn xuân hùng hutech,1,2,50%,34.5
vấn đề của người cao tuổi,1,2,50%,39
scopus citescore 2018,1,2,50%,41.5
trách nhiệm xã hội,1,2,50%,50
diane tice,1,1,100%,1
scopus q1,1,1,100%,1
taylor and francis impact factor 2018,1,1,100%,1
taylor and francis journals impact factor,1,1,100%,1
esci index,1,1,100%,2
cbqt,1,1,100%,4
khai thác san hô,1,1,100%,4
isi proceedings web of science,1,1,100%,5
tạp chí nghiên cứu trung quốc,1,1,100%,6
2019 journal citation reports (jcr),1,1,100%,7
journals scopus,1,1,100%,7
cấu trúc một bài bình luận,1,1,100%,9
nhà tù stanford,1,1,100%,21
roger ebert reviews,1,1,100%,25
nghiên cứu hành vi sử dụng smartphone,1,1,100%,32
phim hay về khủng long,1,1,100%,39
prisonexp.org,1,1,100%,43
disney và marvel,1,1,100%,50
bong da du lieu,0,1134,0%,9.87
vietnam property market,0,344,0%,73.67
nafosted login,0,310,0%,8.12
nafosted,0,301,0%,29.72
bài viết học thuật,0,249,0%,44.69
trích dẫn bài,0,226,0%,80.31
bong da so va du lieu,0,221,0%,9.57
rặng san hô,0,203,0%,17.63
các quỹ hưu trí nhóm,0,182,0%,59.09
web of science,0,179,0%,17.05
httpswww timeshighereducation com,0,176,0%,53.72
nắng mới,0,171,0%,11.06
thực phẩm hữu cơ,0,149,0%,64.31
sub-saharan africa là gì,0,140,0%,9.03
cognitive science,0,125,0%,10.98
science là gì,0,110,0%,12.55
sub-saharan africa,0,104,0%,12.03
thường lục cung thân vương masahito,0,100,0%,7.26
literature review là gì,0,95,0%,27.34
học lập trình r,0,87,0%,61.31
động vật có vú,0,82,0%,62.32
wos là gì,0,81,0%,7.21
sub saharan africa,0,81,0%,10.58
natalie portman học vấn,0,81,0%,11.54
diễn viên natalie portman,0,80,0%,5.15
sub saharan africa là gì,0,80,0%,7.31
cognitive science là gì,0,78,0%,6.01
bong da va du lieu,0,77,0%,7.7
kiểm tra đạo văn,0,77,0%,88.04
bóng số dữ liệu,0,72,0%,9.68
vuphuonganhnguyen,0,72,0%,11.04
clarivate analytics,0,71,0%,5.48
"""học khoa học dữ liệu""",0,69,0%,4.74
thực phẩm hữu cơ tại việt nam,0,69,0%,40.39
an dữ triết,0,68,0%,8.5
lập trình r,0,68,0%,52.19
ux_ev94t2nc -site:youtube.com,0,67,0%,7.72
vu chinh recearch gate,0,66,0%,5
khái niệm thống kê,0,64,0%,37.45
khu bảo tồn biển cù lao chàm,0,64,0%,57.73
rộp rộp,0,60,0%,17
marketing xã hội,0,57,0%,26.19
nghiên cứu quốc tế,0,56,0%,82.12
tạp chí scopus là gì,0,55,0%,8.18
journal citation reports 2018 pdf,0,55,0%,36.16
mục nhập rất,0,55,0%,127.64
mua thực phẩm hữu cơ,0,50,0%,60.46
id là gì,0,50,0%,82.66
citation là gì,0,48,0%,13.23
du lieu bong da,0,45,0%,12
bạn trong tìm,0,45,0%,95.69
một thế giới,0,44,0%,79.07
richard feynman,0,42,0%,12.5
nghiên cứu marketing,0,42,0%,64.55
viết học thuật,0,41,0%,120.49
suy luận bayes,0,40,0%,8.25
triết gia số 1 châu á,0,39,0%,9.31
thiếu nữ bên hoa huệ,0,39,0%,74.79
thg 2016 bài đăng tác,0,38,0%,85.97
khoa học nhận thức,0,36,0%,1
trần mỹ linh,0,36,0%,13.61
trả thù sếp,0,36,0%,48.22
giá khách sạn ở luang prabang,0,36,0%,71.44
l3fzfus-hym -site:youtube.com,0,35,0%,6.43
chú cún con,0,34,0%,15.38
thomas bayes,0,33,0%,9.61
khoảng trống nghiên cứu,0,32,0%,7.72
tạp chí ai,0,32,0%,91.75
2001 a space odyssey phim,0,31,0%,15.68
một vành đai một con đường,0,31,0%,36.81
học big data,0,31,0%,73.06
ánh nắng xuyên qua kẽ lá,0,30,0%,1.8
the big short (2015),0,29,0%,11.03
thống kê với r,0,29,0%,57.07
cô độc,0,29,0%,73
richard feynman là ai,0,28,0%,8.64
gia đình hoàng gia nhật bản,0,28,0%,8.96
sub-saharan,0,28,0%,11.36
thực phẩm hữu cơ việt nam,0,28,0%,70.71
công tìm kiếm,0,28,0%,75.64
công dụng của máy tính bảng,0,27,0%,82.11
sub saharan,0,26,0%,4.46
bướm monarch,0,26,0%,8.92
claim là gì,0,26,0%,78.73
bayes,0,25,0%,6.52
điểm chung trong kế hoạch,0,25,0%,9.52
isi là gì,0,25,0%,19.6
sciener việt nam,0,25,0%,63.36
tạp chí springer,0,24,0%,8.25
ty gia cho den,0,24,0%,53
cân bằng cuộc sống,0,24,0%,96.25
wellcome photography prize 2019,0,24,0%,104.62
natalie portman,0,23,0%,17.83
10 điều răn,0,23,0%,55.83
triết học là gì,0,23,0%,64.43
gấc chín,0,22,0%,1
trong thí nghiệm về,0,22,0%,7.77
bong đá số dử liệu bóng đá,0,22,0%,9.09
ubi là gì,0,21,0%,9.43
phạm quang hưng là ai,0,21,0%,12.95
pop culture là gì,0,21,0%,27.86
hồn việt,0,21,0%,47.86
sản phẩm thực phẩm hữu cơ,0,21,0%,75.81
bác sĩ vương thị ngọc lan,0,21,0%,92.67
đánh giá năng lực dvkh - selfassessment - csr,0,20,0%,4.55
rộp rộp.vn,0,20,0%,16.65
xem phim the big short,0,20,0%,26.1
trầm cảm tiếng anh,0,20,0%,51.7
natalie portman phim,0,20,0%,54.55
choi game half life online truc tuyen,0,20,0%,63.85
in tạp chí,0,20,0%,154.05
phim big short,0,19,0%,10.26
the big short 2015,0,19,0%,11.37
proceedings là gì,0,19,0%,16.79
turnitin hoa sen,0,19,0%,20.26
xốn xang,0,19,0%,38.42
phép ẩn dụ,0,19,0%,41.68
aesthetic là gì,0,19,0%,46.32
truyện dân gian,0,19,0%,47.74
luận văn marketing,0,19,0%,50.63
"charles, thân vương xứ wales",0,19,0%,71.95
philosophy là gì,0,19,0%,72.42
bài báo,0,19,0%,91.84
ngát hương là gì,0,18,0%,8.06
richard p. feynman,0,18,0%,8.44
isi web of science,0,18,0%,9.33
y văn là gì,0,18,0%,10.17
phạm quang hưng,0,18,0%,18.33
xxiv,0,18,0%,21.61
ví dụ về một bài báo khoa học,0,18,0%,35.11
tỷ giá chợ đen,0,18,0%,46.78
idex 2018,0,18,0%,62
tap chi thay thuoc,0,18,0%,67.22
tĩnh lặng,0,18,0%,73.78
nafosted là gì,0,17,0%,8.35
tenure là gì,0,17,0%,40
sunk cost là gì,0,17,0%,57.59
đại học cornell,0,17,0%,69.59
nhà xuất bản,0,17,0%,85.82
khởi nghiệp 4.0,0,17,0%,90.82
scorpus,0,16,0%,8.19
sci là gì,0,16,0%,11.56
acta mathematica vietnamica impact factor,0,16,0%,16.12
kế hoạch marshall,0,16,0%,20.62
ssh viet nam,0,16,0%,21.81
các nhà tâm lý học nổi tiếng thế giới,0,16,0%,26.38
trang trong khoảng 184 kết,0,16,0%,27.56
nature là gì,0,16,0%,31.94
bài nghiên cứu khoa học hoàn chỉnh,0,16,0%,48.31
operation là gì,0,16,0%,53.69
google scholar là gì,0,16,0%,55
magdalena skipper,0,16,0%,56
triết học,0,16,0%,68.81
kiem tra dao van,0,16,0%,81.75
revise là gì,0,16,0%,85.81
2018 bài đăng tác,0,16,0%,115.94
canadian center science education,0,15,0%,3.87
xã hội là gì trong triết học,0,15,0%,10.87
pham quang hung,0,15,0%,11.93
bayes theorem là gì,0,15,0%,12.07
em có nghe thấy gió nói gì không,0,15,0%,13.47
bị trầm cảm,0,15,0%,31.4
các loại bài,0,15,0%,33.33
nghiencuuquocte,0,15,0%,65.07
tra cuu chi so,0,15,0%,67.2
brownfield big short,0,15,0%,69.53
công cụ tìm kiếm google,0,15,0%,76.93
check đạo văn,0,15,0%,89.53
scopus journal,0,14,0%,12.14
2001 a space odyssey phim moi,0,14,0%,18.29
working paper là gì,0,14,0%,20.79
ethnography là gì,0,14,0%,35
bẻ khớp ngón tay,0,14,0%,41.29
giải abel,0,14,0%,51.07
maeve cohen,0,14,0%,53.79
sách triết học hay,0,14,0%,58.5
journal là gì,0,14,0%,63.14
tiểu thuyết hay,0,14,0%,83.57
tô đông pha,0,14,0%,85.36
nhân chủng học,0,14,0%,89.93
trước tải lên,0,14,0%,109.57
canadian center of science and education địa chỉ,0,13,0%,8.31
phim 2001: a space odyssey,0,13,0%,14.54
hoàng tử nhật bản,0,13,0%,23.62
sự phát triển của trung quốc,0,13,0%,29.23
một bài nghiên cứu khoa học hoàn chỉnh,0,13,0%,30.31
tình biến,0,13,0%,36
nhà tâm lý học nổi tiếng việt nam,0,13,0%,41.62
khiêm tốn,0,13,0%,59
xếp hạng đại học,0,13,0%,63.08
các công cụ tìm kiếm,0,13,0%,69.85
công cụ tìm kiếm,0,13,0%,74.15
one belt one road vietnam,0,12,0%,2.83
brain science,0,12,0%,4.83
hiển hiện,0,12,0%,9.42
dinh ly bayes,0,12,0%,10.08
xếp hạng đại học thế giới times higher education,0,12,0%,10.25
bayes theorem,0,12,0%,16.25
xem phim a space odyssey,0,12,0%,17.75
các tạp chí khoa học nổi tiếng thế giới,0,12,0%,18.25
acta mathematica vietnamica,0,12,0%,25.5
reviewer là gì,0,12,0%,29.58
issn là gì,0,12,0%,31.17
proceeding là gì,0,12,0%,32.67
công thức bayes,0,12,0%,34.5
peer là gì,0,12,0%,40.25
hoang gia nhat ban,0,12,0%,41.92
chuông reo là bắn,0,12,0%,44.25
gọi vốn cộng đồng,0,12,0%,44.83
tranh thiếu nữ bên hoa huệ,0,12,0%,49.58
chu cun con,0,12,0%,67.83
nhà xuất bản khoa học xã hội,0,12,0%,70.08
google học thuật,0,12,0%,79.25
xem hơn mục,0,12,0%,98.5
game rộp rộp,0,11,0%,8.55
scopus.com,0,11,0%,9.36
hoàng thất là gì,0,11,0%,9.64
science đọc như thế nào,0,11,0%,9.64
cho r,0,11,0%,9.73
danh sách tạp chí scopus,0,11,0%,15.82
sci-hub.tư,0,11,0%,17.36
h index là gì,0,11,0%,24.55
cơ sở lý thuyết là gì,0,11,0%,33.09
họ sẻ,0,11,0%,33.18
brownfield là gì,0,11,0%,34.55
cách viết literature review,0,11,0%,36.64
bất bình đẳng,0,11,0%,45.18
honviet,0,11,0%,48.36
các yếu tố ảnh hưởng đến tỷ giá hối đoái,0,11,0%,51.27
phản biện là gì,0,11,0%,51.91
phương pháp thực nghiệm,0,11,0%,53.27
học triết học ra làm gì,0,11,0%,54.27
tạp chí nghiên cứu quốc tế,0,11,0%,57.18
quả dâu ta,0,11,0%,58.09
tạp chí là gì,0,11,0%,62.82
thieu nu ben hoa hue,0,11,0%,65.18
literature là gì,0,11,0%,70
phim schindler's list,0,11,0%,76.73
metaphor là gì,0,11,0%,88.73
thg 2018 bài đăng tác,0,11,0%,103.45
giảm súc,0,10,0%,6.3
ly thu that,0,10,0%,8.5
2001 a space,0,10,0%,9.4
a space odyssey 2001,0,10,0%,11.4
mờ mịt,0,10,0%,16.6
xem phim 2001 a space odyssey,0,10,0%,17.5
tạp chí isi là gì,0,10,0%,20.1
đề tài nafosted,0,10,0%,22.1
chương trình langlands,0,10,0%,27.9
trang sci-hub,0,10,0%,29.8
cuộc sống ở nông thôn,0,10,0%,41.4
đề tài marketing,0,10,0%,44.1
bài tập xác suất công thức bayes có lời giải,0,10,0%,45.6
the big short vietsub,0,10,0%,54.3
viết tiểu thuyết,0,10,0%,60.4
nhà thông thái,0,10,0%,71.5
sylvia beyer,0,10,0%,79.4
tam giáo đồng nguyên,0,10,0%,83.6
reimaginereview,0,9,0%,5.67
cuộc sống tươi đẹp la vita è bella,0,9,0%,8
quỹ nafosted là gì,0,9,0%,8.33
natalie portman oscar,0,9,0%,8.56
tạp chí nejm,0,9,0%,9.33
phimlearn,0,9,0%,9.67
hoàng thất,0,9,0%,10.11
journal citation reports 2018,0,9,0%,10.11
chú chó trúc và những người bạn,0,9,0%,11.33
chuông reo,0,9,0%,18.22
thái tử fumihito,0,9,0%,18.78
vài thứ hay,0,9,0%,18.89
rộp rộp.com.vn,0,9,0%,19.44
viện triết học,0,9,0%,27.33
multidisciplinary là gì,0,9,0%,28.89
hiệu suất sinh thái,0,9,0%,29.56
mạng lưới xã hội,0,9,0%,29.78
corresponding là gì,0,9,0%,31
danh mục isi,0,9,0%,35.22
shedding là gì,0,9,0%,35.56
tổng quan nghiên cứu,0,9,0%,38.11
muc tac,0,9,0%,38.56
nhà vua nhật bản,0,9,0%,39
tạp chí triết học,0,9,0%,41.44
tết về,0,9,0%,41.56
phim odyssey,0,9,0%,45.78
peers là gì,0,9,0%,46.33
chỉ số issn là gì,0,9,0%,47.56
chủ nghĩa thực dân,0,9,0%,48.22
game cứu người,0,9,0%,48.89
nobel kinh tế,0,9,0%,56.22
cung điện hoàng gia nhật bản,0,9,0%,58.56
pnas scope,0,9,0%,60.89
sử thi odyssey,0,9,0%,64.78
san ho den,0,9,0%,66.22
nha xuat ban y hoc,0,9,0%,67.22
cấu trúc bài báo khoa học,0,9,0%,68.22
các bài nghiên cứu khoa học,0,9,0%,68.56
cách viết bài báo khoa học,0,9,0%,70.22
một số bài nghiên cứu khoa học mẫu,0,9,0%,72.11
khiêm tốn là gì,0,9,0%,76.11
ví dụ về một đề tài nghiên cứu khoa học,0,9,0%,77.22
câu chuyện về các nhà khoa học nổi tiếng,0,9,0%,86.22
sách khoa học,0,9,0%,86.33
f1000research impact factor,0,9,0%,94.56
báo khoa học,0,9,0%,108
thg 2014 bài đăng tác,0,9,0%,109.56
ssh việt nam,0,8,0%,5.75
châu phi hạ sahara,0,8,0%,6.12
science box việt nam,0,8,0%,6.75
2001 odyssey,0,8,0%,8.38
citescore,0,8,0%,8.38
10 bài báo,0,8,0%,9
trình nghi triết,0,8,0%,10.38
chỉ số impact factor là gì,0,8,0%,10.62
mạng bayes,0,8,0%,15.88
thầy huỳnh toàn,0,8,0%,15.88
lý thú,0,8,0%,18.75
thí nghiệm nhà tù stanford,0,8,0%,20.5
văn bản khoa học,0,8,0%,20.75
tỉ hay tỷ,0,8,0%,20.88
space odyssey,0,8,0%,23
chỉ số isi là gì,0,8,0%,23.38
bảng xếp hạng các trường đại học mỹ 2018,0,8,0%,24.38
răn dạy,0,8,0%,26
kê gian,0,8,0%,28.5
bản thảo là gì,0,8,0%,30.5
kh là gì,0,8,0%,31.75
sting là gì,0,8,0%,32.5
tạp chí isi,0,8,0%,33.75
phân đoạn thị trường,0,8,0%,34.75
stanley kubrick phim,0,8,0%,34.75
hoàng thái tử naruhito,0,8,0%,35.12
một số bài báo khoa học,0,8,0%,38.25
nhà nghiên cứu,0,8,0%,39.5
thuế gián thu,0,8,0%,39.75
thuế trực thu và thuế gián thu,0,8,0%,40.75
submitted là gì,0,8,0%,41.88
hành vi sai trái,0,8,0%,44.5
hậu quả của chiến tranh,0,8,0%,45.62
tranh bùi xuân phái,0,8,0%,49.88
khoa học vũ trụ nasa,0,8,0%,51.25
bẻ ngón tay,0,8,0%,51.38
sting giả,0,8,0%,53.38
tỷ giá thị trường chợ đen,0,8,0%,53.62
declaration là gì,0,8,0%,55.62
check đạo văn turnitin,0,8,0%,56.12
các loại muỗi,0,8,0%,56.5
hoa chanh,0,8,0%,59.25
học lý,0,8,0%,62
interdisciplinary là gì,0,8,0%,62.12
huyết quản,0,8,0%,63
khái niệm trách nhiệm,0,8,0%,70.5
cân bằng cuộc sống và công việc,0,8,0%,73.12
khách sạn 4 sao ở luang prabang,0,8,0%,78
impact là gì,0,8,0%,78.5
quyết đấu 5,0,8,0%,78.62
san hô,0,8,0%,86.25
đức thụy điển,0,8,0%,87.12
tỷ giá hối đoái,0,8,0%,88.25
bao khoa hoc,0,8,0%,89.5
cách viết một bài báo,0,8,0%,100.75
2016 bài đăng tác,0,8,0%,102.38
nắng,0,7,0%,4.43
tiếng gầm của t rex,0,7,0%,4.86
vietnam access day 2019,0,7,0%,5.86
bayesian network là gì,0,7,0%,6.71
định luật bayes,0,7,0%,6.86
phạm quang hưng mất,0,7,0%,8.14
hac am tay du hoi 119,0,7,0%,9.57
journal scopus,0,7,0%,10.43
brian may bằng tiến sĩ,0,7,0%,10.71
danh mục tạp chí scopus,0,7,0%,14.43
danh mục scopus,0,7,0%,14.57
cải cách khu vực công,0,7,0%,16.71
a space odyssey phim,0,7,0%,17
thầy phạm quang hưng,0,7,0%,18.14
tra cứu tạp chí isi,0,7,0%,18.14
trong thí nghiệm,0,7,0%,20.14
chuong reo la ban,0,7,0%,22.43
danh mục tạp chí isi,0,7,0%,23.43
phim rex,0,7,0%,24.43
em có nghe,0,7,0%,27.29
t-rex là gì,0,7,0%,29
game thời gian,0,7,0%,29.71
hmt là gì,0,7,0%,29.86
em có nghe thấy,0,7,0%,32.86
proofing là gì,0,7,0%,33.14
quy nafosted,0,7,0%,33.14
danh sách tạp chí isi,0,7,0%,34.43
xếp hạng đại học thế giới,0,7,0%,34.43
corporate social responsibility là gì,0,7,0%,34.57
bẻ khớp tay,0,7,0%,34.71
thg 2015 bài đăng tác,0,7,0%,35
hình ảnh tĩnh lặng,0,7,0%,35.29
"một vành đai, một con đường",0,7,0%,38.29
tạp chí khoa học xã hội và nhân văn,0,7,0%,40.29
aesthetics là gì,0,7,0%,40.43
cách viết tóm tắt bài báo khoa học,0,7,0%,40.43
sự khiêm tốn,0,7,0%,41.43
vua nhật bản hiện nay,0,7,0%,41.57
mô hình nghiên cứu,0,7,0%,42.43
kiểm tra đạo văn turnitin,0,7,0%,42.86
bất bình,0,7,0%,43.57
máy chữ,0,7,0%,44
triết học cho trẻ em,0,7,0%,44
các loại tỷ giá hối đoái,0,7,0%,44.29
thái tử naruhito,0,7,0%,45.43
thông diễn học,0,7,0%,46.14
mekong communication,0,7,0%,46.43
thì là gì,0,7,0%,47
bẻ khớp,0,7,0%,47.43
trần đình phong,0,7,0%,47.43
phim space,0,7,0%,47.86
ti gia cho den,0,7,0%,49.86
bo gia nhat ban,0,7,0%,50.43
entropy thông tin,0,7,0%,50.43
phim natalie portman,0,7,0%,50.43
bài báo khoa học là gì,0,7,0%,51.57
phim hay t,0,7,0%,52
cách làm bài nghiên cứu khoa học,0,7,0%,52.29
nhật hoàng,0,7,0%,55.57
cuốn theo chiều gió huong lan,0,7,0%,56.43
vua nhật bản,0,7,0%,57.14
ta thuat,0,7,0%,57.29
bai bao khoa hoc,0,7,0%,58.71
đối mặt với những gã khổng lồ,0,7,0%,58.71
khoa học xã hội và nhân văn là gì,0,7,0%,64.57
các bài báo khoa học,0,7,0%,65
operating là gì,0,7,0%,65.86
tiến hóa của loài người,0,7,0%,66.29
cách sử dụng turnitin,0,7,0%,67.71
baokhoahoc,0,7,0%,68.14
nhật hoàng akihito,0,7,0%,69.43
citescore 2017,0,7,0%,70.14
thế giới tiền,0,7,0%,71.14
stock tâm trạng,0,7,0%,71.57
tôm hùm biển,0,7,0%,72.71
cách tìm bài báo khoa học,0,7,0%,74
số id là gì,0,7,0%,74.86
bai bao,0,7,0%,75.57
bẻ tay,0,7,0%,76.14
nha xuat ban,0,7,0%,76.14
bs vương thị ngọc lan,0,7,0%,76.29
con cún con,0,7,0%,77
bức tranh cô gái bên hoa huệ,0,7,0%,79.86
công cụ kiểm tra đạo văn,0,7,0%,81
advances là gì,0,7,0%,81.14
ảnh hưởng đến,0,7,0%,84.29
nobel y học 2018,0,7,0%,84.43
đàn ông để râu,0,7,0%,84.71
wellcome photography prize,0,7,0%,113.29
thắng thua không quan trọng quan trọng là,0,6,0%,6.5
mom teach sex (lần đầu tiên xuất hiện tại việt nam),0,6,0%,7
2001 a space odyssey roger ebert,0,6,0%,9.67
danh mục tạp chí isi 2018,0,6,0%,10
ssrn citeright,0,6,0%,10.67
vua nhật bản 2018,0,6,0%,10.67
triết học cho người không chuyên,0,6,0%,11.17
thiên hoàng nhật bản 2018,0,6,0%,12
ssh viet nam 2019,0,6,0%,14.5
2001 space odyssey,0,6,0%,16.83
the ki 20,0,6,0%,21.83
bá đạo công,0,6,0%,22.5
rop rop vn,0,6,0%,22.5
ví dụ về tổng quan nghiên cứu khoa học,0,6,0%,22.67
bảng xếp hạng các trường đại học thế giới 2019,0,6,0%,25.33
đọc báo khoa học,0,6,0%,26.33
truyennhanh,0,6,0%,28.5
tác giả chính của bài báo khoa học,0,6,0%,28.5
testimony là gì,0,6,0%,29.5
vietnam journal of mathematics,0,6,0%,29.83
2001 a space odyssey vietsub,0,6,0%,30.67
quà vặt,0,6,0%,30.83
robert langlands,0,6,0%,31.17
tổng quan nghiên cứu khoa học,0,6,0%,31.17
bibliography là gì,0,6,0%,31.67
tạp chí science,0,6,0%,33
phim tinh thay tro 2015,0,6,0%,33.33
isi scopus,0,6,0%,35
tóm tắt cuốn theo chiều gió,0,6,0%,35.83
xốn,0,6,0%,35.83
triết học về con người,0,6,0%,36
tam giao dong nguyen,0,6,0%,36.67
viết đoạn văn theo cách tổng hợp,0,6,0%,37.67
haruko obokata,0,6,0%,39.5
tính từ của science,0,6,0%,41.33
big phim,0,6,0%,41.83
cấu trúc bài nghiên cứu khoa học,0,6,0%,42
bảng xếp hạng đại học thế giới,0,6,0%,44.67
emerging sources citation index,0,6,0%,44.67
thực phẩm hữu cơ mua ở đâu,0,6,0%,45.33
khớp kêu,0,6,0%,45.5
danh sách các tạp chí khoa học quốc tế,0,6,0%,46.67
hoc ly,0,6,0%,47.17
phim jurassic park,0,6,0%,50
cách viết bài nghiên cứu khoa học,0,6,0%,54
cách tính p-value bằng tay,0,6,0%,54.17
chủng tộc người việt nam,0,6,0%,55
cách viết một bài báo khoa học,0,6,0%,55.5
bức tranh thiếu nữ bên hoa huệ,0,6,0%,57.17
phương pháp tiếp cận khoa học,0,6,0%,57.17
phim king kong 1933,0,6,0%,57.33
hoang gia nhat,0,6,0%,58.17
mua thực phẩm hữu cơ ở đâu,0,6,0%,58.83
mô hình hành vi mua của người tiêu dùng,0,6,0%,59.67
cổ sinh vật học,0,6,0%,60
humility là gì,0,6,0%,60.17
nghiên cứu nhật bản,0,6,0%,62.33
phê bình là gì,0,6,0%,62.83
nhà xuất bản y học,0,6,0%,63
thực dân,0,6,0%,63.5
học diễn viên,0,6,0%,65.67
trình tự logic của nghiên cứu khoa học,0,6,0%,67
đo lường là gì,0,6,0%,67.67
cân bằng công việc và cuộc sống,0,6,0%,68.17
palgrave communications,0,6,0%,68.17
chiến dịch sấm rền,0,6,0%,68.33
sc viet nam,0,6,0%,70.17
chuẩn mực xã hội,0,6,0%,70.83
phương pháp nghiên cứu tâm lý học,0,6,0%,73.17
truyền dẫn,0,6,0%,73.67
đường trí tuệ,0,6,0%,73.67
tạp chí quốc tế,0,6,0%,74.83
các loại kiếm,0,6,0%,76.83
thực phẩm hữu cơ ở việt nam,0,6,0%,79.83
cong cu tim kiem,0,6,0%,80.67
schindler's list phim,0,6,0%,80.67
tiếp thị xã hội,0,6,0%,81.33
nghien bong da,0,6,0%,81.67
scopus citescore 2017,0,6,0%,82.67
tap san biet dong quan,0,6,0%,83.83
giải nobel y học 2018,0,6,0%,84.83
researchgate,0,6,0%,86.67
phê bình,0,6,0%,87
assessment là gì,0,6,0%,88.83
râu đàn ông,0,6,0%,91.5
indexing là gì,0,6,0%,97
việt nam văn hóa,0,6,0%,101.33
feyman,0,5,0%,3
clavirate analytics,0,5,0%,3.4
sub- saharan africa,0,5,0%,3.8
đề tài nafosted 2018,0,5,0%,4.2
peer review,0,5,0%,5.8
khoảng trống trong nghiên cứu khoa học,0,5,0%,6.2
the big short nội dung,0,5,0%,7.6
game viết thời gian,0,5,0%,7.8
nắng xuyên qua kẽ lá,0,5,0%,9.6
scopus 2018,0,5,0%,10
acta vietnamica mathematica,0,5,0%,10.2
htt hoa sen,0,5,0%,10.6
scientific là gì,0,5,0%,11
csr tại việt nam,0,5,0%,12.2
tác giả trần mỹ tiên,0,5,0%,13.6
đầu sách,0,5,0%,15.4
ssh vietnam,0,5,0%,18.6
journal citation reports,0,5,0%,18.8
giải thích phim tiền đen,0,5,0%,20
nhà tâm lý học nổi tiếng hiện nay,0,5,0%,21
peer-reviewed là gì,0,5,0%,21.2
thu sếp,0,5,0%,22.6
toti,0,5,0%,23
công viên kỷ jura,0,5,0%,26
tml là gì,0,5,0%,26.2
nhíp quang học,0,5,0%,30
ăn quà vặt,0,5,0%,30
văn bản khoa học là gì,0,5,0%,30.2
nghiệm pháp rượu,0,5,0%,30.8
bài báo isi là gì,0,5,0%,32.6
1 vành đai 1 con đường,0,5,0%,36.2
ảnh cô độc,0,5,0%,36.8
sting la gi,0,5,0%,37.4
thuật toán bayes,0,5,0%,37.4
chỉ mục là gì,0,5,0%,39.6
tỉ giá chợ đen,0,5,0%,39.6
xem phim công thức cuối cùng,0,5,0%,40.2
dau chan du muc tap 29,0,5,0%,40.8
đức hi sinh,0,5,0%,42
vaithuhay,0,5,0%,42.6
phim built,0,5,0%,43
yếu tố ảnh hưởng đến tỷ giá hối đoái,0,5,0%,43.4
tỷ giá hối đoái kinh tế vĩ mô,0,5,0%,44
in nature là gì,0,5,0%,44.2
collateral damage là gì,0,5,0%,44.4
cân bằng giữa công việc và cuộc sống,0,5,0%,44.4
thiên hoàng akihito,0,5,0%,45
viết một đoạn,0,5,0%,45
sự trích dẫn,0,5,0%,47.2
khoa triết học,0,5,0%,48.2
nguyen van diep,0,5,0%,49.2
rộp da tay,0,5,0%,50
des hay,0,5,0%,50.8
tranh phố phái,0,5,0%,51.2
triết học kinh viện,0,5,0%,51.8
cách làm nghiên cứu khoa học,0,5,0%,52
lịch sử triết học trung quốc,0,5,0%,52.6
tỷ giá hối đoái việt nam,0,5,0%,53.2
phim quyết đấu,0,5,0%,53.8
mối quan hệ giữa triết học và khoa học,0,5,0%,54.8
thỏa mãn,0,5,0%,55.2
những thí nghiệm hay,0,5,0%,55.8
accepted là gì,0,5,0%,58.4
depocen,0,5,0%,58.8
bài nghiên cứu khoa học,0,5,0%,59.6
sách khoa học hay,0,5,0%,61
research gate,0,5,0%,62
dryad là gì,0,5,0%,63.2
sci-hub,0,5,0%,63.2
virus học,0,5,0%,63.8
chấp nhận lời mời làm việc,0,5,0%,64.4
tính khoa học,0,5,0%,64.8
chuẩn apa,0,5,0%,65.4
natalie phim,0,5,0%,65.4
võ hồng đức,0,5,0%,66
phát triển phần mềm mã nguồn mở,0,5,0%,66.4
học triết học,0,5,0%,66.8
bất bình đẳng trong giáo dục,0,5,0%,67.4
cung điện hoàng gia tokyo,0,5,0%,67.4
ảnh giao thông,0,5,0%,68.2
các tạp chí nổi tiếng thế giới,0,5,0%,68.4
bọn,0,5,0%,68.8
dù là,0,5,0%,69
trương hy triết,0,5,0%,69
dimensions là gì,0,5,0%,70.6
mathematics là gì,0,5,0%,70.6
học giả,0,5,0%,70.8
văn hóa đại chúng,0,5,0%,71.6
quá lâu,0,5,0%,72
nghiên cứu khoa học là gì,0,5,0%,73
trách nhiệm xã hội là gì,0,5,0%,73.8
đầu óc lâng lâng,0,5,0%,74
công cụ google,0,5,0%,74.8
crowdfunding việt nam,0,5,0%,76
triết học trung quốc,0,5,0%,76
khí thải co2,0,5,0%,76.4
di hay,0,5,0%,77.2
tiến hoàng tử,0,5,0%,77.4
cha truyền con nối,0,5,0%,79.2
revised là gì,0,5,0%,80.8
nghiên cứu tâm lý học,0,5,0%,81.2
thg 2016 tải lên bởi,0,5,0%,81.8
trần trọng lượng,0,5,0%,82.2
john nash là ai,0,5,0%,82.4
soát xét là gì,0,5,0%,83
khách sạn bốn sao ở luang prabang,0,5,0%,84.2
rà soát là gì,0,5,0%,86.2
kieểm tra đạo văn,0,5,0%,87
thì sao,0,5,0%,87.4
nhiệt độ nha trang hiện tại,0,5,0%,88.6
trạng thái cảm xúc,0,5,0%,90
charlie geller,0,5,0%,92.2
dễ hiểu,0,5,0%,93
truyền thông xã hội,0,5,0%,94.2
hàn lâm là gì,0,5,0%,95.8
phản biện,0,5,0%,98.4
tạp chí khoa học,0,5,0%,128.6
science pictures,0,4,0%,1
ssh free 2019,0,4,0%,5.25
almetrics,0,4,0%,5.5
jcr clarivate analytics,0,4,0%,5.75
scopus database,0,4,0%,5.75
2001 a space odyssey 2018,0,4,0%,6.75
danh mục tạp chí quốc tế uy tín,0,4,0%,7.25
elsevier,0,4,0%,7.25
cơ tai,0,4,0%,7.5
the space odyssey,0,4,0%,8.5
a big short,0,4,0%,9
michael burry,0,4,0%,9
trong thí nghiệm về ion,0,4,0%,9
cognitive scientists,0,4,0%,9.5
nhà xuất bản elsevier,0,4,0%,10
ngan nhà,0,4,0%,11.25
bayes rule,0,4,0%,11.5
bất bình đẳng kinh tế,0,4,0%,11.75
a space odyssey.,0,4,0%,12.25
scopus citescore,0,4,0%,12.25
journal of risk and financial management,0,4,0%,13.75
bereavement là gì,0,4,0%,14.5
nắng xuyên qua lá,0,4,0%,15
phân loại virus,0,4,0%,16
phạm quang hưng qua đời,0,4,0%,17
trì triết,0,4,0%,18.25
gay ong gia nhat ban,0,4,0%,18.5
george thomas,0,4,0%,18.75
tổng quan lý thuyết là gì,0,4,0%,19.25
corrected là gì,0,4,0%,21.5
những nhà tâm lý học nổi tiếng,0,4,0%,21.75
literature review la gi,0,4,0%,23.5
neanderthal,0,4,0%,23.75
thái tử nhật bản,0,4,0%,23.75
bài tổng quan tài liệu mẫu,0,4,0%,26.25
tổng quan nghiên cứu mẫu,0,4,0%,26.25
bill nye dolph lundgren dexter holland,0,4,0%,27
các đề tài nghiên cứu marketing,0,4,0%,27.75
pwc,0,4,0%,28.5
vấn đề dân tộc ở việt nam,0,4,0%,29
rent-seeking,0,4,0%,30
under review là gì,0,4,0%,32.25
dấu gạch nối,0,4,0%,32.5
logo nhà xuất bản tôn giáo,0,4,0%,33
gia đình nhật hoàng,0,4,0%,33.25
bao kh,0,4,0%,34
citing là gì,0,4,0%,34.25
vietnam journal of mathematics impact factor,0,4,0%,34.5
isi web of knowledge thomson reuters,0,4,0%,35
jurassic world phimmoi,0,4,0%,35.25
đồ thị id,0,4,0%,35.25
khoahocxanh,0,4,0%,36.25
thực dân anh,0,4,0%,37
trò chơi thời gian,0,4,0%,37.25
viết một đoạn văn,0,4,0%,37.25
quý tộc nhật bản,0,4,0%,38.5
nữ thiên hoàng nhật bản,0,4,0%,38.75
coi vú,0,4,0%,39.25
ấn phẩm là gì,0,4,0%,39.5
cấu trúc của một bài nghiên cứu khoa học,0,4,0%,40
nurture là gì,0,4,0%,40.25
sách hay về triết học,0,4,0%,40.25
thị trường thực phẩm hữu cơ việt nam,0,4,0%,43
pnas h index,0,4,0%,43.25
thuế trực thu,0,4,0%,43.75
bình đẳng dân tộc,0,4,0%,44.5
nobel kinh tế 2018,0,4,0%,44.75
dòng dõi hoàng tộc việt nam hiện nay,0,4,0%,45.25
thuốc artemisinin,0,4,0%,45.25
sự tiến hóa,0,4,0%,45.5
sting gia,0,4,0%,45.75
thị trường tiêu thụ,0,4,0%,46.75
riken,0,4,0%,47
thg 2015 bài đăng,0,4,0%,47
một ngày nắng mới,0,4,0%,47.75
cách viết research methodology,0,4,0%,48.25
khớp xương kêu,0,4,0%,48.75
kinh tế mỹ,0,4,0%,48.75
khoa hoc,0,4,0%,49.5
nội dung infinity war,0,4,0%,51.75
hình ảnh tâm tĩnh lặng,0,4,0%,52.25
research methodology là gì,0,4,0%,52.5
cấu trúc một bài báo khoa học,0,4,0%,53.75
vành đai con đường,0,4,0%,53.75
ví dụ về nghiên cứu khoa học,0,4,0%,53.75
so sánh lương,0,4,0%,54
phim 2015,0,4,0%,55
gia dinh hoang gia,0,4,0%,55.5
các loại tạp chí,0,4,0%,57.25
trang trí macbook,0,4,0%,57.5
chuyện phố phường,0,4,0%,57.75
phổ quát,0,4,0%,57.75
xem nhiều nhất,0,4,0%,58.25
bai hoc facial 2018,0,4,0%,59
giải nobel kinh tế,0,4,0%,59
nuanced là gì,0,4,0%,59
linhtam,0,4,0%,59.75
san hô việt nam,0,4,0%,60
bài viết về biến đổi khí hậu,0,4,0%,61
giải nobel 2018,0,4,0%,61
mot vanh dai mot con duong,0,4,0%,62.25
tạp chí gay,0,4,0%,62.25
sự tiến hóa của loài người,0,4,0%,63.25
bán ssh,0,4,0%,63.75
microfinance là gì,0,4,0%,64.25
phim thời đại khủng long,0,4,0%,64.75
bài viết về air pollution,0,4,0%,65.25
phim về khủng long,0,4,0%,65.25
phố phái,0,4,0%,65.25
tranh biện là gì,0,4,0%,65.25
bảng xếp hạng các trường đại học thế giới,0,4,0%,65.5
tài liệu access,0,4,0%,65.75
last modified là gì,0,4,0%,66
tokyo denki university ranking,0,4,0%,66
bill sullivan disney,0,4,0%,66.5
số id,0,4,0%,66.5
ted.com.vn,0,4,0%,66.75
chủng tộc,0,4,0%,67.5
phim t,0,4,0%,69
ted talk là gì,0,4,0%,69.25
trường hoàng gia,0,4,0%,69.25
interstellar giải thưởng,0,4,0%,70
thuyết trình về trí tuệ nhân tạo,0,4,0%,70.75
tạp chí tia sáng,0,4,0%,71.75
hiệu ứng giả dược,0,4,0%,72.5
tap chi triet hoc,0,4,0%,72.75
học cách khiêm tốn,0,4,0%,73.25
the big short brownfield,0,4,0%,73.25
sách chuyên khảo,0,4,0%,73.5
epistemology là gì,0,4,0%,74
hai tac lau,0,4,0%,74
thiên kiến,0,4,0%,74.25
phần mềm thống kê r,0,4,0%,74.5
triết học việt nam,0,4,0%,74.5
refeeding david blaine,0,4,0%,75.25
2015 bài đăng tác,0,4,0%,76.75
entrepreneurial là gì,0,4,0%,78
ila pham hung,0,4,0%,78
nguyễn quang thuấn,0,4,0%,78
trúng đích,0,4,0%,78.5
nghe thấy,0,4,0%,78.75
reflective là gì,0,4,0%,78.75
scholar là gì,0,4,0%,79.75
tổng quan tài liệu nghiên cứu,0,4,0%,80.25
nha xuat ban ton giao,0,4,0%,80.5
danh mục tạp chí khoa học được tính điểm 2018,0,4,0%,80.75
công sự,0,4,0%,81.75
nghiệm pháp wasserman,0,4,0%,82.25
bất kì,0,4,0%,82.5
khủng hoảng 2008,0,4,0%,82.5
confucianism là gì,0,4,0%,83.5
lha là gì,0,4,0%,83.75
chi phí r&d,0,4,0%,85
disciplinary là gì,0,4,0%,85
sàng gạo,0,4,0%,85.75
khoa học dữ liệu,0,4,0%,86.5
đại học thanh hoa trung quốc,0,4,0%,86.5
chừa,0,4,0%,87.25
toán học lý thú,0,4,0%,88
khắc nghiệt,0,4,0%,89
dù cà phê,0,4,0%,89.5
bệnh sốt rét,0,4,0%,90
công thức tính entropy,0,4,0%,90
revision là gì,0,4,0%,91.5
submission là gì,0,4,0%,91.5
ý niệm,0,4,0%,94.5
trang trong khoảng kết,0,4,0%,155
bayes equation,0,3,0%,1
nature research logo,0,3,0%,1
luong cường,0,3,0%,3
sting operation là gì,0,3,0%,4
mấu động to,0,3,0%,4.33
sub sahara,0,3,0%,4.33
cognitive research,0,3,0%,4.67