article,authorid,age,field,sex
1,2,4,eco,1
1,2,4,edu,1
1,2,4,other,1
4,2,6,eco,1
3,2,6,other,1
3,4,2,eco,2
1,4,2,edu,2
1,5,4,eco,1
1,5,4,other,1
14,5,5,eco,1
2,5,5,edu,1
8,5,5,med,1
1,5,5,other,1
4,5,6,eco,1
5,5,6,edu,1
17,5,6,med,1
15,5,6,other,1
8,6,3,eco,1
1,6,3,other,1
23,6,4,eco,1
2,6,4,med,1
5,6,4,other,1
19,6,5,eco,1
9,6,5,other,1
3,7,3,eco,1
3,7,3,other,1
2,7,4,eco,1
1,7,4,med,1
3,7,4,other,1
5,7,5,eco,1
5,7,5,med,1
7,7,5,other,1
4,8,3,edu,1
4,8,3,other,1
2,9,6,eco,2
3,9,7,eco,2
1,9,7,other,2
5,10,5,eco,1
5,10,6,eco,1
3,10,6,other,1
1,10,7,eco,1
1,11,6,edu,1
3,11,6,other,1
3,11,7,other,1
2,12,5,eco,1
1,13,5,eco,1
4,13,5,other,1
1,14,7,eco,1
1,14,8,eco,1
2,15,6,other,2
2,15,7,med,2
4,15,7,other,2
1,15,8,med,2
2,15,8,other,2
1,19,6,edu,1
3,20,4,edu,2
2,20,5,edu,2
1,21,6,other,1
1,21,7,other,1
4,22,5,eco,1
10,22,5,edu,1
7,22,5,other,1
26,22,6,eco,1
6,22,6,edu,1
1,22,6,med,1
5,22,6,other,1
12,22,7,eco,1
1,22,7,med,1
2,22,7,other,1
5,23,3,eco,1
9,23,4,eco,1
1,23,4,other,1
33,23,5,eco,1
1,24,4,eco,1
1,25,3,edu,1
1,25,4,eco,1
3,26,3,eco,2
2,26,4,eco,2
1,26,4,other,2
1,27,4,eco,1
2,28,4,eco,1
1,29,5,eco,2
1,29,6,eco,2
1,29,6,edu,2
3,30,2,eco,2
7,30,3,eco,2
1,31,3,eco,1
1,31,4,eco,1
3,32,4,eco,2
2,32,5,other,2
1,32,6,eco,2
1,32,6,other,2
1,33,4,other,1
1,33,5,eco,1
1,34,3,other,2
1,35,3,other,2
6,36,3,eco,1
1,36,4,eco,1
1,37,6,eco,1
3,37,7,eco,1
1,38,4,eco,1
2,38,5,eco,1
4,39,5,other,1
5,40,3,eco,1
2,40,3,other,1
1,40,4,eco,1
1,40,4,other,1
1,41,6,eco,1
3,41,6,med,1
5,42,1,eco,2
3,42,1,edu,2
11,42,1,med,2
11,42,1,other,2
1,43,3,eco,1
1,44,4,eco,1
1,45,4,eco,1
2,46,7,eco,1
1,46,9,eco,1
2,47,4,eco,2
2,47,5,eco,2
1,47,5,other,2
2,48,6,med,1
1,49,2,other,1
2,50,7,other,1
1,51,4,eco,1
1,51,4,other,1
8,51,5,eco,1
5,51,5,other,1
3,52,9,eco,1
1,52,9,other,1
1,53,3,eco,1
2,53,4,eco,1
1,53,5,eco,1
3,54,3,eco,1
1,54,3,med,1
3,54,3,other,1
2,54,4,eco,1
1,54,4,other,1
1,55,4,other,1
3,55,5,eco,1
1,55,5,other,1
2,55,6,eco,1
1,56,3,eco,1
1,56,5,eco,1
2,57,2,eco,1
2,58,2,eco,2
1,59,3,other,2
1,60,3,eco,1
4,61,6,eco,1
1,61,7,eco,1
1,61,7,other,1
1,62,3,eco,2
3,63,4,eco,1
1,63,5,eco,1
1,64,3,eco,1
1,64,3,other,1
1,64,4,eco,1
3,64,4,other,1
1,64,5,eco,1
1,64,5,other,1
1,65,3,eco,2
1,65,4,eco,2
1,65,4,med,2
4,65,4,other,2
1,65,5,eco,2
2,65,5,other,2
2,66,4,eco,1
1,66,4,other,1
2,66,5,eco,1
2,66,5,other,1
1,67,5,eco,1
1,67,6,other,1
1,68,3,eco,2
1,68,4,eco,2
1,68,4,other,2
4,68,5,eco,2
2,69,5,eco,1
2,70,2,other,2
1,71,1,eco,1
1,72,8,med,1
6,72,8,other,1
1,72,9,other,1
1,73,3,other,1
1,73,4,other,1
1,74,3,other,2
2,75,5,eco,1
1,76,5,eco,1
1,77,2,eco,2
2,78,2,eco,2
2,78,2,other,2
2,78,3,eco,2
2,79,8,eco,1
1,79,8,other,1
7,79,9,eco,1
4,79,9,other,1
8,80,7,eco,1
3,80,7,other,1
12,80,8,eco,1
1,80,8,other,1
22,81,5,eco,1
1,81,5,med,1
4,81,5,other,1
6,81,6,eco,1
1,81,6,edu,1
2,81,6,other,1
1,82,3,eco,1
2,82,4,eco,1
3,83,3,eco,2
2,83,4,eco,2
17,84,4,eco,1
4,84,4,other,1
2,84,5,eco,1
2,84,5,other,1
3,85,9,eco,1
1,86,7,eco,1
1,87,2,eco,1
3,88,4,eco,1
1,88,4,edu,1
1,89,6,eco,2
1,89,6,edu,2
1,90,2,other,1
1,91,1,other,1
1,92,6,other,1
1,92,7,other,1
1,92,8,other,1
1,93,8,other,1
1,93,9,other,1
1,94,6,eco,1
1,94,6,other,1
2,95,4,edu,1
1,96,6,edu,2
1,96,7,edu,2
1,97,4,eco,2
1,97,4,other,2
1,98,1,other,2
2,99,9,other,1
3,100,3,other,2
1,100,4,other,2
3,101,5,edu,1
3,101,5,other,1
2,102,5,edu,2
1,102,6,edu,2
2,103,3,other,2
4,104,3,edu,2
6,104,4,edu,2
1,105,4,edu,1
1,106,4,edu,1
1,106,5,eco,1
1,107,4,eco,1
1,107,5,eco,1
6,108,4,eco,2
1,108,4,edu,2
2,108,5,eco,2
2,109,3,eco,1
1,109,4,eco,1
1,109,4,edu,1
1,109,4,other,1
2,109,5,eco,1
4,110,4,eco,1
1,110,4,edu,1
2,110,5,eco,1
8,111,4,eco,1
2,111,4,edu,1
6,111,5,eco,1
1,111,5,other,1
6,111,6,eco,1
1,112,3,other,2
1,113,4,eco,1
2,113,4,edu,1
10,113,5,eco,1
1,113,5,edu,1
1,113,5,med,1
2,113,5,other,1
5,114,6,med,1
1,115,4,edu,2
1,116,3,edu,2
1,117,3,eco,2
1,118,4,eco,1
2,118,5,eco,1
1,118,6,eco,1
3,119,6,eco,1
1,119,6,other,1
6,120,5,eco,1
1,120,5,edu,1
1,121,4,eco,1
5,121,4,other,1
1,121,5,eco,1
5,121,5,other,1
2,121,6,eco,1
1,121,6,other,1
1,122,7,eco,1
1,122,7,edu,1
1,123,4,eco,1
1,123,5,edu,1
1,129,2,eco,1
1,129,3,eco,1
1,130,3,eco,2
1,130,3,edu,2
4,131,3,eco,1
2,132,1,eco,2
9,132,2,eco,2
2,132,2,other,2
5,132,3,eco,2
1,132,3,other,2
1,133,3,eco,1
12,134,4,edu,1
1,134,4,other,1
1,135,4,eco,1
5,136,3,other,1
1,136,4,other,1
1,137,2,eco,1
4,137,3,eco,1
1,138,4,eco,2
1,139,3,other,1
2,140,3,eco,1
1,140,3,other,1
2,141,6,eco,1
1,141,6,med,1
3,142,5,eco,1
2,143,3,eco,2
4,144,5,eco,1
3,144,6,eco,1
1,144,6,other,1
1,145,6,other,2
1,145,7,edu,2
1,146,4,eco,1
1,146,5,eco,1
1,147,6,eco,2
1,148,2,eco,1
1,149,5,eco,2
2,149,5,edu,2
1,149,5,other,2
3,150,5,edu,2
1,150,5,other,2
2,151,5,edu,2
1,151,6,eco,2
1,151,6,med,2
1,152,4,edu,2
1,153,6,other,1
1,153,7,eco,1
1,154,3,other,2
3,154,4,other,2
2,154,5,other,2
1,155,6,med,2
1,155,6,other,2
1,155,7,med,2
2,155,7,other,2
2,156,3,other,2
1,156,4,eco,2
3,156,4,med,2
13,156,4,other,2
1,157,3,other,1
1,157,4,other,1
2,158,4,other,2
2,159,2,other,2
1,160,2,med,1
4,161,3,other,1
1,161,4,edu,1
16,161,4,other,1
1,162,4,other,1
3,162,5,other,1
1,163,4,other,2
1,163,5,other,2
1,164,5,eco,1
1,164,6,eco,1
1,164,7,other,1
1,165,6,edu,2
1,166,4,other,2
1,167,3,edu,1
1,167,3,other,1
1,167,4,eco,1
1,167,4,other,1
1,168,3,edu,2
1,169,3,eco,2
4,169,3,other,2
1,170,2,other,1
2,171,6,other,1
1,172,3,other,1
1,173,5,edu,1
1,174,4,eco,2
1,175,5,eco,2
1,175,5,edu,2
3,176,5,eco,1
4,176,5,edu,1
1,176,5,other,1
2,177,4,eco,2
2,178,6,other,2
2,179,3,other,2
2,180,3,eco,1
2,180,3,other,1
2,181,3,edu,2
3,181,3,other,2
1,182,6,other,1
1,182,8,other,1
1,183,2,eco,1
2,184,2,eco,1
1,184,2,other,1
1,185,4,eco,1
1,186,2,eco,1
1,187,5,med,1
1,188,4,med,1
2,188,5,med,1
1,188,5,other,1
1,189,4,med,2
1,189,5,med,2
1,189,5,other,2
3,190,2,med,2
3,191,2,med,1
1,192,3,other,2
1,192,4,other,2
1,193,4,other,2
1,194,5,other,1
4,195,6,other,1
1,195,7,other,1
1,196,6,other,2
1,196,7,other,2
5,197,4,other,2
1,197,5,med,2
2,197,5,other,2
2,198,7,other,1
1,199,7,other,1
1,200,7,other,1
1,201,2,eco,2
1,202,4,eco,1
1,204,2,edu,2
1,205,2,eco,1
1,206,2,edu,2
1,206,2,other,2
1,207,5,edu,1
1,208,2,edu,2
1,208,3,edu,2
2,208,4,edu,2
1,210,2,other,1
2,211,4,eco,1
3,211,4,other,1
1,212,6,med,1
2,213,2,other,2
1,213,3,eco,2
3,213,3,other,2
1,214,3,eco,2
2,214,3,other,2
1,215,5,other,1
1,215,6,other,1
1,216,6,eco,1
2,216,6,other,1
1,217,8,other,1
1,217,9,other,1
1,218,3,other,1
1,219,3,med,2
1,219,3,other,2
9,219,4,med,2
2,219,4,other,2
2,220,3,eco,2
1,220,4,eco,2
1,221,7,eco,2
3,222,2,edu,2
4,222,3,edu,2
4,222,3,other,2
4,222,4,edu,2
3,222,4,other,2
1,223,4,edu,2
2,223,5,eco,2
3,223,5,edu,2
2,223,5,other,2
1,224,8,eco,1
1,225,4,eco,1
1,226,5,edu,1
2,226,6,edu,1
1,226,7,eco,1
2,227,4,eco,2
1,228,3,med,1
4,228,3,other,1
5,228,4,other,1
1,228,5,other,1
1,229,9,eco,1
2,229,9,other,1
1,230,8,other,2
1,231,7,other,1
1,232,4,other,2
1,233,4,other,1
2,234,8,other,1
1,235,2,other,1
1,236,3,med,1
1,236,4,med,1
1,236,5,eco,1
2,237,7,other,1
1,237,8,med,1
3,238,5,eco,2
4,239,4,eco,1
2,239,4,other,1
2,240,4,eco,1
2,240,5,eco,1
3,240,6,eco,1
2,241,5,eco,1
1,241,5,other,1
2,242,8,edu,1
2,242,9,eco,1
1,242,9,other,1
2,243,7,med,2
1,243,7,other,2
2,244,5,other,1
1,244,6,eco,1
1,244,6,med,1
1,244,6,other,1
3,245,4,eco,2
1,246,4,edu,1
1,246,4,other,1
3,247,5,med,2
1,247,6,edu,2
3,247,6,med,2
1,247,6,other,2
1,248,4,other,2
11,249,3,med,2
3,249,3,other,2
2,249,4,med,2
1,250,3,other,2
1,250,4,other,2
2,251,3,other,2
1,252,5,med,2
1,252,5,other,2
1,252,6,med,2
1,252,6,other,2
1,253,3,eco,1
1,254,2,eco,1
1,254,3,eco,1
2,255,3,med,2
1,256,4,eco,1
2,256,4,edu,1
1,257,5,edu,1
1,258,5,edu,2
1,259,4,eco,2
2,259,4,other,2
1,259,5,med,2
5,259,5,other,2
1,259,6,med,2
1,260,4,eco,2
1,260,4,other,2
2,260,5,med,2
6,260,5,other,2
1,260,6,eco,2
4,260,6,other,2
1,261,2,other,2
3,261,3,other,2
1,261,4,other,2
1,262,5,med,1
4,262,6,other,1
1,263,3,other,2
1,264,4,edu,2
3,265,4,other,2
1,265,5,edu,2
1,265,5,med,2
2,265,5,other,2
1,265,6,edu,2
2,265,6,other,2
1,266,2,edu,1
1,267,3,other,2
1,267,4,edu,2
3,267,4,other,2
1,268,3,other,2
1,268,4,edu,2
1,268,4,other,2
2,269,4,edu,2
1,269,5,edu,2
2,270,3,edu,2
1,270,3,other,2
2,270,4,other,2
1,270,5,edu,2
2,271,7,edu,1
5,272,2,eco,1
1,273,5,other,2
1,273,6,other,2
1,273,7,other,2
1,274,3,eco,1
1,274,4,eco,1
7,274,5,eco,1
1,275,2,other,2
1,276,2,other,2
2,276,3,other,2
1,277,8,eco,1
1,278,7,eco,1
2,278,7,med,1
1,279,2,eco,2
5,279,2,other,2
2,280,3,other,1
5,280,4,other,1
2,281,4,med,1
4,281,4,other,1
1,282,7,other,1
1,283,4,other,1
3,284,5,other,2
1,284,6,eco,2
11,284,6,other,2
2,285,3,other,1
3,286,3,edu,2
3,286,4,edu,2
1,287,3,other,2
1,288,6,eco,2
2,288,7,eco,2
1,289,6,other,2
2,289,8,other,2
5,290,9,other,1
2,291,3,other,2
3,291,4,other,2
1,291,5,eco,2
1,291,5,other,2
1,292,3,other,1
1,293,2,other,2
1,293,3,eco,2
5,293,3,other,2
1,293,4,other,2
2,294,3,other,2
1,295,3,other,2
1,295,4,other,2
1,296,3,other,1
2,296,4,eco,1
7,296,4,other,1
1,297,4,eco,1
1,297,5,eco,1
2,297,5,other,1
1,298,6,other,1
1,299,9,eco,1
1,299,9,other,1
2,300,3,other,2
1,301,2,edu,2
2,302,2,edu,2
8,302,3,edu,2
35,302,4,edu,2
2,302,4,other,2
1,303,3,edu,2
3,304,4,eco,2
1,304,4,other,2
2,304,5,eco,2
1,305,4,eco,1
2,305,4,other,1
2,305,5,eco,1
3,305,5,other,1
4,306,3,other,1
2,306,4,other,1
1,307,3,eco,1
2,307,3,other,1
1,308,4,other,1
1,309,6,eco,1
1,310,6,edu,1
1,311,4,edu,1
1,312,2,edu,2
1,313,3,edu,2
4,313,4,edu,2
2,314,2,edu,2
4,314,3,edu,2
1,314,3,other,2
5,315,3,edu,2
1,317,2,other,1
1,318,4,other,1
1,319,6,other,1
1,319,7,other,1
1,320,3,med,1
1,321,3,eco,1
6,321,4,eco,1
7,321,5,eco,1
1,322,4,med,2
1,323,3,eco,1
1,323,3,other,1
1,324,5,eco,1
1,324,5,other,1
1,325,5,eco,1
2,325,5,other,1
2,326,4,eco,1
1,326,4,other,1
7,326,5,eco,1
1,326,5,edu,1
2,328,4,eco,1
2,328,4,edu,1
8,328,4,other,1
3,328,5,eco,1
5,328,5,other,1
2,329,5,eco,1
1,329,5,other,1
1,330,4,eco,2
2,331,4,eco,1
1,331,5,eco,1
1,332,5,eco,2
4,333,4,other,1
1,333,5,eco,1
1,333,5,other,1
1,337,3,eco,2
1,338,1,eco,2
1,339,4,eco,2
1,339,5,eco,2
1,340,5,eco,1
1,341,7,other,1
1,342,9,other,1
1,343,2,eco,2
1,343,2,other,2
3,343,3,eco,2
2,343,3,other,2
1,344,4,eco,1
3,344,4,other,1
1,345,6,other,2
1,346,8,other,1
2,347,3,other,1
3,347,4,other,1
1,347,5,eco,1
4,347,5,other,1
1,348,6,other,1
1,348,7,other,1
1,349,7,other,1
1,350,4,other,2
1,351,6,med,1
1,352,4,eco,1
1,352,4,other,1
8,353,3,eco,1
1,353,3,edu,1
2,353,3,other,1
2,353,4,eco,1
1,353,4,edu,1
2,353,4,other,1
1,354,2,eco,1
1,355,5,eco,1
1,355,5,other,1
3,356,2,eco,1
1,357,4,eco,2
1,357,5,eco,2
1,358,2,eco,1
1,359,4,eco,1
1,360,7,eco,1
1,361,3,eco,1
1,361,4,eco,1
2,362,2,other,1
1,363,4,other,1
1,364,2,eco,1
1,365,1,other,1
1,366,4,other,1
1,367,3,other,1
1,368,4,other,2
1,369,6,med,1
1,369,6,other,1
1,369,8,eco,1
1,370,8,other,1
1,372,7,other,1
3,373,7,other,2
1,373,8,other,2
2,374,2,other,1
1,375,8,edu,1
1,376,3,edu,1
3,376,4,edu,1
1,377,4,edu,1
1,378,4,edu,1
1,378,4,other,1
1,378,5,edu,1
1,379,4,other,2
1,380,5,edu,1
2,380,5,other,1
1,381,3,eco,2
1,381,4,eco,2
1,382,3,other,1
2,383,8,other,1
2,384,2,edu,2
1,384,3,edu,2
1,385,7,other,1
1,387,3,eco,2
1,387,3,other,2
2,388,3,other,2
3,388,4,other,2
1,390,4,other,1
1,391,3,other,1
2,391,5,eco,1
3,391,5,other,1
1,392,3,eco,1
1,393,4,eco,1
1,393,5,other,1
1,394,3,other,1
1,394,4,other,1
1,395,4,eco,1
1,395,5,eco,1
2,396,5,eco,1
3,396,6,eco,1
1,397,7,other,1
5,397,8,other,1
1,397,9,other,1
1,398,3,eco,1
1,399,4,eco,1
1,400,7,eco,1
2,401,3,eco,2
1,402,6,other,1
1,403,6,other,1
1,404,4,other,2
2,405,7,eco,1
1,405,7,edu,1
6,405,8,eco,1
1,406,5,eco,1
1,406,5,edu,1
8,407,5,other,1
1,407,6,other,1
2,408,4,edu,2
1,409,3,eco,2
1,409,3,med,2
1,409,3,other,2
1,409,4,med,2
1,409,4,other,2
1,410,3,edu,2
1,411,3,edu,2
2,411,3,med,2
3,411,3,other,2
2,411,4,other,2
9,412,8,med,1
7,412,8,other,1
14,412,9,med,1
11,412,9,other,1
1,413,4,med,2
1,413,4,other,2
1,413,5,edu,2
11,413,5,med,2
7,413,5,other,2
2,413,6,med,2
15,414,8,med,1
19,414,8,other,1
15,414,9,med,1
9,414,9,other,1
1,415,8,med,2
1,415,8,other,2
1,416,6,med,2
1,416,6,other,2
1,417,3,other,1
1,417,4,other,1
1,418,3,med,1
1,418,3,other,1
2,418,4,other,1
1,419,2,med,1
2,419,2,other,1
1,419,3,med,1
2,419,3,other,1
2,420,2,med,2
1,420,3,med,2
1,420,3,other,2
6,421,3,med,2
3,421,3,other,2
1,422,8,other,2
2,423,2,eco,1
3,423,2,edu,1
8,423,2,med,1
11,423,2,other,1
1,424,1,med,1
3,424,1,other,1
2,424,2,edu,1
2,424,2,other,1
2,437,3,other,2
1,437,4,eco,2
1,437,4,edu,2
10,437,4,other,2
1,437,5,edu,2
6,437,5,other,2
1,452,3,eco,1
1,452,3,edu,1
2,452,3,other,1
5,452,4,eco,1
3,452,4,edu,1
1,452,5,edu,1
3,453,3,eco,2
1,453,4,edu,2
1,456,5,eco,1
1,456,6,eco,1
1,457,1,edu,2
1,457,2,eco,2
1,457,2,edu,2
1,457,3,edu,2
3,458,2,med,1
2,458,3,med,1
1,460,2,eco,1
1,462,5,med,2
1,463,6,eco,2
2,464,4,other,2
1,464,5,eco,2
4,464,5,other,2
2,465,5,med,2
1,465,5,other,2
1,465,6,med,2
1,466,3,edu,1
4,467,7,eco,1
2,469,7,eco,1
7,469,8,eco,1
1,469,9,eco,1
1,470,4,eco,2
1,471,5,other,1
1,472,7,eco,1
1,472,8,eco,1
1,473,6,other,1
1,473,7,other,1
2,473,8,other,1
18,474,9,eco,1
9,474,9,other,1
1,475,6,other,1
5,476,3,med,2
3,477,3,eco,1
1,477,3,other,1
1,478,2,med,1
5,478,3,med,1
1,479,6,eco,2
1,479,6,other,2
2,479,7,other,2
4,480,4,eco,1
1,480,4,other,1
6,481,4,eco,1
16,481,5,eco,1
1,481,5,other,1
13,481,6,eco,1
2,482,2,eco,1
1,482,3,eco,1
1,483,5,med,1
1,484,3,eco,2
2,485,2,eco,2
1,486,5,eco,2
1,486,5,med,2
1,486,5,other,2
1,486,6,med,2
3,486,6,other,2
1,487,2,eco,2
3,487,3,eco,2
1,488,5,eco,2
1,489,6,eco,2
1,490,2,eco,2
1,490,3,eco,2
1,491,5,other,2
1,492,3,med,2
1,493,9,eco,1
1,494,3,other,1
5,494,4,eco,1
1,494,5,other,1
3,495,8,other,1
1,496,7,other,1
1,496,8,other,1
1,497,2,eco,1
1,498,3,eco,1
1,500,6,eco,2
1,501,2,eco,1
4,501,3,eco,1
7,501,4,eco,1
1,502,2,eco,1
1,504,7,other,1
2,505,5,other,1
1,506,4,eco,2
1,506,4,other,2
1,507,4,eco,1
3,507,4,other,1
1,507,5,eco,1
2,507,5,other,1
1,510,6,eco,1
1,512,4,eco,1
6,512,5,eco,1
4,512,6,eco,1
6,513,3,edu,2
1,513,3,other,2
11,513,4,edu,2
1,513,4,other,2
3,513,5,edu,2
2,514,3,other,2
1,514,4,other,2
2,515,2,eco,1
1,515,2,other,1
1,517,5,eco,1
1,518,2,other,1
1,518,3,eco,1
1,518,3,med,1
2,518,3,other,1
1,519,3,med,1
3,519,4,med,1
3,522,6,other,1
2,522,7,other,1
1,529,8,edu,1
1,530,4,eco,1
1,530,4,other,1
4,530,5,eco,1
1,530,5,med,1
3,530,5,other,1
1,531,4,eco,2
1,534,3,other,1
2,1624,2,eco,2
3,1624,2,edu,2
3,1624,2,med,2
8,1624,2,other,2
1,1625,5,other,1
1,1631,4,other,2
1,1632,5,med,1
1,1632,6,med,1
1,1632,6,other,1
3,1650,3,other,1
1,1682,6,eco,1
1,1682,6,other,1
2,1682,7,eco,1
1,1682,7,other,1
2,1682,8,eco,1
1,1682,8,edu,1
1,1682,8,other,1
1,1813,3,other,1
1,1850,4,eco,1
1,1867,5,other,1
1,1868,1,eco,1
2,1868,1,edu,1
5,1868,1,other,1
1,1869,2,other,1
1,1871,7,other,1
1,1877,8,eco,1
1,1878,3,other,2
3,1879,4,med,1
2,1881,3,eco,1
1,1881,4,eco,1
1,1881,4,other,1
1,1883,4,other,1
1,1884,4,other,1
1,1885,4,other,1
2,1886,3,eco,1
1,1886,3,other,1
1,1891,1,other,2
4,1899,6,med,1
1,1899,7,med,1
1,1904,2,eco,1
1,1904,3,eco,1
1,1909,1,med,2
2,1909,2,med,2
2,1909,2,other,2
2,1925,2,med,1
1,1926,3,other,1
1,1926,5,other,1
1,1928,4,other,2
1,1932,3,other,1
1,1936,6,edu,2
4,1945,9,med,1
8,1945,9,other,1
1,1947,7,med,1
1,1947,7,other,1
4,1947,8,med,1
8,1947,8,other,1
2,1953,4,med,2
2,1953,4,other,2
2,1953,5,med,2
6,1953,5,other,2
1,1963,7,med,2
1,1963,7,other,2
4,1963,8,med,2
9,1963,8,other,2
1,1963,9,med,2
1,1963,9,other,2
1,1969,5,eco,1
1,1969,5,other,1
1,1972,3,other,1
1,1973,2,other,2
3,1978,2,med,2
1,1984,6,other,1
1,1985,4,other,1
1,1986,3,other,1
1,2015,5,eco,1
1,2015,5,other,1
1,2018,3,edu,2
1,2019,4,edu,1
1,2020,7,edu,2
1,2021,5,edu,1
1,2022,3,edu,2
4,2024,6,other,2
5,2026,3,other,1
1,2042,3,other,2
1,2044,4,other,2
1,2046,5,eco,1
1,2047,3,eco,2
2,2058,3,other,2
1,2059,4,other,1
1,2078,2,eco,1
1,2078,2,other,1
1,2078,3,other,1
1,2083,6,eco,1
1,2083,6,other,1
2,2086,2,other,1
1,2086,3,other,1
1,2086,4,other,1
1,2092,2,other,1
1,2095,7,med,1
1,2098,6,med,2
1,2107,6,eco,1
1,2107,6,other,1
1,2119,6,eco,1
1,2120,5,med,2
1,2120,5,other,2
1,2122,2,other,2
1,2129,8,other,1
1,2130,2,eco,2
1,2132,2,eco,1
1,2133,2,eco,1
1,2134,3,eco,1
1,2138,7,other,1
1,2140,5,eco,1
1,2140,5,other,1
1,2142,3,eco,1
1,2161,2,other,2
1,2161,3,other,2
3,2184,4,eco,1
20,2184,4,med,1
8,2184,5,eco,1
14,2184,5,med,1
8,2184,6,eco,1
25,2184,6,med,1
4,2184,6,other,1
2,2186,4,eco,2
7,2186,4,med,2
2,2186,5,eco,2
3,2186,5,med,2
2,2186,6,eco,2
11,2186,6,med,2
3,2186,6,other,2
1,2190,2,other,2
2,2215,6,med,2
2,2216,4,med,1
1,2224,5,eco,1
1,2224,5,med,1
2,2252,4,eco,1
2,2252,5,eco,1
1,2254,7,eco,2
1,2269,3,other,2
1,2271,3,eco,2
1,2271,3,other,2
1,2271,4,eco,2
1,2277,2,med,1
1,2277,4,eco,1
3,2277,4,med,1
1,2277,4,other,1
1,2296,9,other,1
2,2297,9,other,1
1,2299,9,other,1
1,2301,5,eco,1
1,2301,5,other,1
1,2303,4,other,2
2,2306,4,other,2
1,2308,6,other,1
1,2311,4,med,2
2,2311,4,other,2
1,2324,6,med,2
1,2372,3,eco,2
4,2375,3,med,2
5,2375,3,other,2
1,2377,2,med,2
1,2377,2,other,2
1,2409,4,edu,2
1,2412,5,other,2
1,2440,3,med,1
1,2444,5,other,2
1,2445,5,other,2
1,2446,4,other,2
1,2447,5,other,1
1,2450,5,other,1
1,2451,5,other,1
2,2461,9,other,1
2,2465,5,other,1
1,2466,5,other,1
2,2477,8,other,1
1,2498,5,eco,1
1,2499,4,eco,2
2,2516,4,eco,1
1,2521,3,eco,1
1,2525,5,eco,2
1,2528,6,eco,1
1,2531,3,eco,2
1,2531,4,eco,2
1,2533,2,eco,2
1,2559,3,other,2
1,2564,2,eco,1
2,2564,2,other,1
1,2564,3,other,1
1,2575,3,eco,2
1,2583,5,eco,1
3,2630,5,other,1
1,2664,6,other,1
1,2664,7,other,1
1,2665,3,other,2
1,2666,4,other,1
2,2666,5,other,1
1,2667,5,other,1
1,2667,6,other,1
1,2667,7,other,1
1,2668,2,other,2
1,2670,9,other,1
2,2674,4,eco,2
1,2674,4,edu,2
1,2674,5,eco,2
1,2674,5,edu,2
2,2681,5,edu,2
1,2682,9,edu,2
3,2685,6,other,2
1,2686,8,other,2
1,2688,3,other,1
1,2692,4,edu,2
1,2692,4,other,2
2,2693,4,edu,2
2,2694,3,other,2
1,2700,4,eco,2
1,2700,4,other,2
1,2701,5,med,1
1,2701,5,other,1
1,2703,2,med,2
1,2703,2,other,2
4,2708,3,other,1
10,2708,4,other,1
1,2708,5,other,1
4,2711,1,eco,2
1,2711,1,edu,2
1,2711,1,med,2
2,2711,1,other,2
2,2711,2,eco,2
1,2711,2,other,2
2,2712,2,edu,2
1,2714,2,other,1
7,2714,3,eco,1
2,2714,3,edu,1
15,2714,3,other,1
2,2714,4,eco,1
1,2714,4,edu,1
1,2714,4,other,1
1,2715,5,eco,2
4,2715,6,eco,2
1,2715,6,edu,2
1,2715,6,other,2
3,2716,6,eco,1
1,2716,6,other,1
1,2716,7,eco,1
1,2716,7,edu,1
13,2717,3,eco,1
5,2717,3,edu,1
5,2717,3,other,1
1,2718,3,eco,2
1,2718,3,edu,2
1,2719,2,eco,2
2,2719,2,edu,2
1,3710,6,edu,1
1,3713,8,eco,1
2,3714,4,eco,1
1,3714,4,edu,1
1,3714,4,other,1
1,3716,3,other,1
1,3717,5,other,1
1,3718,4,other,2
1,4714,4,other,2
2,4719,4,edu,2
1,4721,2,eco,2
1,4723,3,eco,2
3,4723,3,other,2
1,4723,4,eco,2
1,4723,4,other,2
1,4723,5,eco,2
1,4723,5,other,2
2,4724,5,other,1
1,4727,2,eco,1
1,5715,4,other,2
1,5716,2,other,2
1,5716,3,edu,2
1,5716,3,other,2
2,5718,3,other,2
2,5718,4,other,2
1,5719,5,eco,1
1,5723,2,eco,2
2,5725,3,other,2
2,5729,1,eco,2
1,5730,4,eco,1
2,5730,5,eco,1
1,5731,5,eco,2
1,5732,2,eco,2
1,5738,3,eco,1
2,5738,3,other,1
1,5746,5,other,2
1,5762,6,other,1
1,5763,1,med,2
1,5764,5,eco,1
1,5764,5,other,1
4,5765,6,other,1
1,5766,4,other,2
4,5767,5,other,1
2,5781,5,other,1
2,5782,3,eco,1
1,5782,3,other,1
1,5784,9,other,1
2,5790,5,eco,1
1,5790,5,other,1
1,5793,8,eco,1
1,5793,8,other,1
1,5795,4,eco,2
1,5797,4,eco,2
1,5797,4,edu,2
1,5798,8,eco,1
1,5798,8,edu,1
1,5799,5,eco,1
1,5799,5,edu,1
1,5800,5,eco,1
1,5800,5,med,1
1,5800,5,other,1
1,5801,7,eco,1
1,5801,7,edu,1
1,5803,8,eco,1
1,5803,8,other,1
2,5804,5,edu,2
1,5807,6,eco,2
5,5807,6,other,2
2,5807,7,eco,2
2,5807,7,other,2
1,5809,3,eco,1
1,5809,3,other,1
2,5809,4,eco,1
3,5809,4,other,1
2,5812,5,eco,1
1,5812,5,other,1
1,5818,2,eco,2
2,5819,8,eco,1
3,5821,4,other,1
2,5821,5,other,1
1,5822,3,other,1
2,5828,9,eco,1
1,5829,2,eco,2
1,5831,3,other,2
1,5833,4,other,2
1,5834,3,other,1
1,5841,5,other,1
1,5844,6,eco,1
1,5852,3,eco,1
1,5852,3,other,1
1,5853,4,eco,1
1,5853,4,other,1
1,5854,3,eco,2
1,5855,4,med,2
1,5856,8,med,1
1,5859,4,eco,1
3,5859,4,other,1
1,5859,5,eco,1
1,5859,5,other,1
4,5860,4,eco,1
1,5860,4,other,1
4,5860,5,eco,1
1,5860,5,med,1
2,5860,5,other,1
1,5860,6,eco,1
1,5860,6,med,1
1,5863,9,other,1
1,5864,3,eco,2
1,5864,3,other,2
1,5866,4,eco,1
1,5867,4,eco,2
1,5869,4,eco,2
1,5870,8,eco,2
1,5873,6,other,1
2,5876,3,edu,2
1,5877,3,edu,2
1,5878,3,edu,1
1,5878,4,edu,1
1,5879,5,edu,2
5,5879,6,edu,2
2,5882,4,eco,2
3,5882,4,edu,2
2,5885,7,edu,2
1,5890,6,eco,1
1,5892,4,other,2
1,5893,5,other,2
1,5894,2,other,1
1,5896,3,other,1
1,5900,6,edu,2
1,5901,6,edu,2
1,5902,6,edu,2
1,5914,4,edu,2
1,5914,4,other,2
1,5917,3,edu,2
1,5919,3,other,2
1,5921,4,eco,1
4,5921,4,other,1
1,5938,8,other,2
2,5939,3,other,2
1,5939,4,other,2
2,5943,3,other,1
1,5951,3,eco,1
1,5951,4,eco,1
1,5951,4,other,1
1,5952,5,med,2
2,5952,6,med,2
1,5953,9,med,1
7,5961,2,eco,1
21,5961,2,med,1
2,5961,2,other,1
6,5961,3,eco,1
77,5961,3,med,1
6,5961,3,other,1
4,5962,9,med,1
1,5963,9,med,1
4,5964,2,med,2
1,5965,3,med,1
2,5966,2,eco,1
12,5966,2,med,1
2,5966,3,eco,1
39,5966,3,med,1
3,5966,3,other,1
2,5967,9,eco,2
17,5967,9,med,2
1,5967,9,other,2
5,5968,4,med,1
1,5968,4,other,1
2,5969,5,med,1
2,5970,2,eco,1
2,5970,2,med,1
4,5970,3,med,1
13,5971,1,med,1
1,5971,1,other,1
3,5974,6,eco,2
15,5974,6,med,2
1,5974,6,other,2
14,5974,7,med,2
1,5974,7,other,2
6,5975,9,med,2
3,5980,3,med,1
1,5985,4,edu,1
2,5991,4,other,1
1,5994,4,eco,2
2,5994,4,other,2
1,5997,5,eco,2
1,5998,1,eco,2
2,5999,3,other,2
2,5999,4,other,2
2,5999,5,other,2
1,6000,5,eco,1
1,6000,5,other,1
1,6000,6,eco,1
1,6000,6,other,1
3,6001,4,eco,1
7,6001,4,other,1
4,6001,5,eco,1
4,6001,5,other,1
1,6001,6,eco,1
1,6001,6,other,1
7,6003,4,eco,1
2,6003,4,other,1
13,6003,5,eco,1
27,6003,5,other,1
3,6004,2,eco,2
2,6005,6,edu,1
1,6006,5,edu,1
1,6006,5,other,1
3,6012,2,other,1
3,6012,3,eco,1
6,6012,3,other,1
1,6015,3,eco,2
1,6015,3,other,2
1,6017,3,other,1
1,6021,4,eco,2
2,6021,4,other,2
2,6028,4,eco,1
2,6028,5,eco,1
1,6028,5,edu,1
2,6030,4,eco,1
1,6033,4,eco,1
1,6034,3,eco,2
5,6035,5,eco,1
2,6035,6,eco,1
3,6036,3,eco,1
3,6036,3,other,1
4,6039,9,eco,1
1,6043,5,med,2
2,6043,5,other,2
1,6045,4,med,1
1,6045,4,other,1
1,6047,5,med,2
1,6047,5,other,2
1,6048,4,med,2
1,6048,4,other,2
1,6049,2,eco,1
1,6051,2,other,2
1,6054,3,eco,1
1,6054,3,other,1
1,6055,5,eco,2
1,6056,4,eco,2
1,6056,4,other,2
1,6058,5,eco,1
1,6059,4,eco,1
1,6060,8,other,2
1,6061,6,other,2
1,6062,3,other,1
1,6062,4,other,1
1,6068,7,eco,1
1,6070,2,other,1
1,6082,8,other,1
1,6085,3,edu,2
2,6085,4,edu,2
1,6089,2,eco,2
1,6091,3,eco,1
1,6092,4,eco,2
2,6092,5,eco,2
1,6094,3,eco,1
3,6094,4,eco,1
7,6097,2,other,2
1,6097,3,other,2
1,6100,2,eco,2
1,6100,2,edu,2
2,6100,3,eco,2
5,6100,4,eco,2
2,6100,4,edu,2
5,6100,4,other,2
7,6105,3,med,2
1,6105,3,other,2
7,6106,3,med,2
1,6106,3,other,2
1,6109,2,eco,2
18,6109,2,med,2
2,6109,2,other,2
4,6110,1,med,2
1,6110,1,other,2
5,6110,2,med,2
2,6111,1,med,2
1,6111,1,other,2
2,6117,3,med,2
1,6118,3,eco,2
1,6118,3,med,2
2,6120,2,eco,1
25,6120,2,med,1
2,6120,2,other,1
1,6122,6,other,2
1,6123,4,other,2
8,6124,1,med,2
1,6124,1,other,2
1,6126,5,other,2
1,6130,7,other,1
2,6133,5,other,1
2,6135,3,other,2
2,6135,4,other,2
3,6136,2,other,1
6,6136,3,other,1
5,6136,4,other,1
1,6137,3,other,2
1,6147,3,eco,2
2,6149,5,other,1
1,6150,5,eco,1
1,6153,3,other,1
1,6153,4,eco,1
3,6153,4,other,1
1,6156,3,other,1
4,6157,3,other,2
1,6159,4,eco,2
1,6160,2,med,2
1,6161,6,med,2
1,6163,7,med,2
1,6164,2,eco,2
2,6167,8,other,1
2,6170,3,other,1
3,6173,4,other,1
3,6175,7,other,1
3,6175,8,other,1
1,6177,2,other,1
2,6178,4,eco,1
2,6178,4,other,1
2,6182,5,eco,1
1,6182,5,other,1
1,6182,6,eco,1
2,6182,6,other,1
1,6185,3,edu,2
3,6185,4,edu,2
1,6185,4,other,2
1,6197,3,eco,2
3,6198,8,eco,1
1,6201,4,eco,2
2,6202,2,eco,2
3,6202,3,eco,2
3,6211,2,eco,2
5,6211,2,med,2
4,6212,6,eco,1
14,6212,6,med,1
2,6212,6,other,1
1,6212,7,med,1
2,6213,6,eco,1
4,6213,6,med,1
1,6216,2,edu,1
1,6217,5,edu,1
2,6217,6,edu,1
1,6224,2,med,2
2,6224,3,eco,2
4,6224,3,med,2
1,6225,7,eco,1
2,6225,7,med,1
1,6225,8,eco,1
8,6225,8,med,1
2,6226,6,eco,1
18,6226,6,med,1
1,6226,6,other,1
1,6239,5,eco,1
1,6239,5,edu,1
1,6240,3,med,2
1,6244,4,eco,1
1,6246,2,eco,2
1,6247,5,eco,1
1,6253,9,other,1
1,6254,8,other,1
1,6255,2,other,2
1,6255,3,other,2
2,6257,4,med,2
1,6258,5,med,2
1,6259,3,med,2
1,6259,4,med,2
5,6259,5,med,2
3,6260,3,med,1
1,6261,5,med,1
1,6261,6,eco,1
2,6261,6,med,1
1,6263,2,med,2
1,6264,2,med,2
1,6267,7,eco,2
1,6267,7,edu,2
1,6270,5,eco,1
1,6270,5,other,1
1,6274,1,med,1
1,6274,1,other,1
1,6279,5,med,1
1,6279,5,other,1
1,6280,3,med,2
1,6280,3,other,2
1,6282,5,eco,1
1,6282,5,med,1
1,6283,3,med,1
1,6283,3,other,1
1,6284,2,med,2
1,6284,2,other,2
1,6285,3,med,1
1,6285,3,other,1
1,6286,2,med,2
1,6286,2,other,2
1,6287,2,med,1
1,6287,2,other,1
3,6288,4,med,2
2,6288,4,other,2
1,6288,5,med,2
1,6289,4,med,2
1,6290,7,eco,1
1,6290,7,other,1
1,6291,5,eco,2
1,6291,5,med,2
2,6292,6,med,1
4,6296,2,med,2
2,6296,2,other,2
5,6296,3,med,2
1,6298,2,eco,1
1,6298,2,med,1
1,6299,1,eco,2
1,6299,1,med,2
2,6300,2,med,1
1,6301,2,med,2
2,6303,5,med,2
2,6303,5,other,2
4,6303,6,eco,2
16,6303,6,med,2
1,6304,5,med,1
1,6304,5,other,1
1,6305,2,med,1
1,6305,2,other,1
1,6307,5,med,1
1,6307,5,other,1
1,6308,2,med,1
1,6308,2,other,1
1,6310,6,eco,1
1,6310,6,med,1
1,6311,5,med,1
1,6315,5,med,1
1,6315,5,other,1
1,6316,8,eco,1
2,6316,8,med,1
1,6316,8,other,1
2,6316,9,med,1
1,6323,3,med,2
1,6325,8,edu,1
1,6329,4,med,2
1,6331,2,med,1
1,6332,1,med,2
1,6332,2,med,2
1,6334,2,med,2
1,6336,2,med,2
1,6337,4,med,2
2,6338,2,med,2
1,6339,5,edu,2
1,6347,2,eco,2
4,6347,2,med,2
1,6347,3,med,2
1,6348,2,med,2
1,6349,2,med,2
1,6350,6,med,1
2,6351,2,med,1
1,6352,7,med,1
1,6357,2,eco,1
1,6360,4,eco,1
2,6360,5,eco,1
1,6360,5,other,1
1,6363,5,other,2
1,6365,2,other,2
1,6369,5,other,1
1,6370,5,eco,1
1,6370,5,other,1
1,6371,4,med,1
1,6371,4,other,1
2,6372,4,med,1
5,6373,6,med,1
1,6373,6,other,1
6,6374,5,med,1
1,6374,5,other,1
3,6375,4,med,1
1,6375,4,other,1
1,6379,3,other,2
1,6387,3,med,1
1,6387,4,med,1
1,6390,1,med,1
3,6392,7,med,2
1,6393,3,med,1
1,6394,3,med,1
1,6425,3,eco,2
1,6425,3,other,2
1,6426,4,eco,1
1,6426,4,med,1
1,6429,9,eco,1
2,6429,9,med,1
1,6429,9,other,1
1,6430,7,med,1
1,6434,3,med,2
1,6436,2,med,2
1,6437,4,med,2
1,6438,4,med,1
1,6439,3,med,1
1,6444,3,edu,2
2,6448,3,eco,2
3,6448,4,eco,2
1,6448,4,other,2
1,6453,4,other,2
1,6457,5,eco,1
1,6462,8,med,1
1,6464,3,other,1
1,6467,6,eco,1
1,6467,6,other,1
1,6468,3,eco,2
1,6468,3,other,2
1,6469,5,edu,2
1,6469,6,other,2
1,6471,3,eco,2
2,6472,3,eco,2
6,6472,4,eco,2
1,6472,5,eco,2
1,6474,8,med,2
1,6475,4,med,2
1,6475,5,other,2
1,6476,5,med,2
3,6482,4,edu,2
2,6482,4,other,2
3,6487,4,eco,2
1,6489,3,edu,1
1,6489,4,eco,1
4,6489,5,eco,1
1,6489,5,other,1
1,6491,3,eco,2
1,6492,3,eco,2
1,6494,5,eco,1
2,6494,6,eco,1
1,6494,6,edu,1
1,6495,9,eco,1
1,6497,6,other,1
1,6498,1,med,1
1,6499,5,eco,1
1,6500,3,eco,2
1,6503,2,eco,2
1,6503,3,eco,2
2,6504,4,eco,1
1,6506,6,eco,1
1,6507,5,eco,1
1,6508,8,eco,1
1,6512,3,eco,2
1,6514,4,eco,2
1,6515,4,eco,1
5,6516,5,eco,1
1,6516,6,eco,1
1,6516,6,edu,1
1,6518,6,eco,2
1,6525,1,eco,1
1,6526,3,eco,1
1,6532,4,eco,1
1,6536,4,eco,1
1,6537,7,eco,2
1,6547,7,eco,2
1,6548,4,eco,2
1,6548,4,other,2
2,6548,5,eco,2
2,6563,3,eco,1
1,6563,3,other,1
1,6568,2,eco,2
1,6569,5,eco,2
1,6570,3,eco,1
3,6576,5,edu,1
1,6579,4,edu,2
1,6580,5,edu,2
1,6581,7,eco,1
1,6582,3,eco,1
1,6583,3,eco,2
2,6584,5,eco,2
1,6587,2,eco,2
9,6588,6,med,1
2,6602,2,eco,2
1,6603,7,eco,2
1,6604,5,eco,2
1,6607,3,med,1
1,6611,6,eco,2
1,6612,3,eco,1
1,6613,3,eco,2
1,6613,3,med,2
1,6613,5,med,2
1,6615,4,med,1
4,6615,6,eco,1
9,6615,6,med,1
2,6615,6,other,1
1,6618,4,eco,1
2,6618,4,med,1
1,6624,3,eco,1
1,6624,3,med,1
1,6624,4,eco,1
2,6624,4,med,1
2,6624,5,med,1
1,6627,6,med,2
1,6628,5,med,2
2,6631,6,med,1
1,6631,6,other,1
1,6633,3,eco,2
1,6633,3,med,2
1,6635,3,med,2
1,6637,4,med,1
3,6638,8,med,1
1,6640,7,med,2
2,6642,7,eco,1
1,6643,3,eco,1
1,6644,4,eco,1
1,6645,2,eco,1
1,6645,3,eco,1
2,6646,2,eco,2
6,6646,2,med,2
1,6646,2,other,2
1,6647,1,eco,2
4,6647,1,med,2
2,6647,1,other,2
1,6647,2,eco,2
2,6647,2,med,2
1,6648,1,med,2
1,6648,2,eco,2
1,6648,2,med,2
2,6651,4,edu,2
1,6651,4,other,2
1,6655,2,other,2
1,6658,4,eco,1
1,6658,4,other,1
1,6666,6,eco,2
1,6668,4,eco,1
1,6671,4,eco,2
2,6683,2,eco,2
1,6683,3,eco,2
1,6684,3,eco,1
1,6685,2,eco,1
1,6686,5,eco,2
1,6688,3,eco,2
4,6692,7,med,1
1,6692,7,other,1
1,6693,7,med,2
1,6693,7,other,2
4,6694,6,med,1
1,6694,6,other,1
1,6696,6,med,2
1,6699,3,med,1
1,6701,3,eco,1
1,6702,4,eco,2
1,6712,7,eco,1
1,6715,4,other,2
1,6715,5,med,2
1,6715,5,other,2
1,6717,5,eco,2
1,6717,5,med,2
1,6717,6,med,2
1,6718,6,med,1
1,6720,5,med,2
1,6721,3,med,1
1,6722,4,med,2
1,6724,2,med,2
1,6725,4,med,1
1,6726,3,med,2
1,6727,4,med,2
1,6730,2,eco,1
4,6730,2,med,1
1,6730,2,other,1
1,6730,3,med,1
1,6732,3,eco,1
2,6732,3,med,1
1,6732,3,other,1
1,6735,3,eco,1
1,6740,7,eco,1
1,6741,4,eco,1
2,6742,5,eco,2
1,6742,5,other,2
2,6744,1,med,2
1,6744,1,other,2
1,6744,2,med,2
1,6744,2,other,2
1,6746,8,med,1
1,6746,8,other,1
1,6753,1,eco,2
4,6753,1,med,2
1,6753,1,other,2
1,6755,5,med,2
2,6756,6,eco,1
1,6756,6,other,1
6,6757,7,eco,2
2,6757,7,edu,2
4,6757,7,other,2
2,6758,4,eco,1
1,6758,4,other,1
1,6759,1,eco,2
1,6767,2,other,2
1,6769,9,other,1
1,6773,6,edu,2
1,6774,4,eco,2
1,6774,4,med,2
1,6783,9,eco,1
1,6783,9,med,1
1,6786,9,other,1
2,6788,9,other,1
1,6789,2,other,1
1,6791,3,eco,1
1,6794,6,other,2
1,6796,4,other,2
1,6797,6,other,1
5,6798,6,eco,1
1,6804,4,eco,1
1,6806,9,other,1
1,6807,7,other,1
1,6808,3,other,2
1,6809,4,eco,2
6,6809,4,other,2
1,6809,5,eco,2
7,6809,5,other,2
1,6810,6,med,2
1,6811,3,med,2
1,6812,3,med,2
1,6813,2,med,1
1,6814,3,med,2
1,6817,5,edu,2
1,6821,3,eco,1
2,6826,3,eco,1
1,6841,6,eco,1
1,6841,6,med,1
1,6848,9,eco,1
1,6848,9,med,1
1,6852,5,other,1
1,6858,5,med,1
1,6858,5,other,1
1,6859,5,med,2
1,6859,5,other,2
1,6863,8,other,2
1,6864,3,other,2
1,6866,6,other,1
1,6873,6,other,2
1,6875,2,other,2
1,6877,3,edu,2
3,6878,4,edu,2
2,6878,5,edu,2
1,6879,4,edu,2
1,6887,8,eco,2
1,6887,8,other,2
1,6888,5,eco,1
1,6889,3,eco,1
1,6894,3,eco,2
2,6894,4,eco,2
1,6895,2,eco,1
1,6897,1,eco,2
1,6898,3,eco,1
1,6899,1,eco,1
1,6900,1,eco,2
1,6901,6,eco,2
1,6901,6,other,2
1,6903,7,eco,1
1,6911,2,med,2
1,6911,2,other,2
1,6911,3,med,2
1,6917,3,edu,1
1,6917,3,med,1
1,6929,5,eco,1
3,6931,6,eco,1
1,6934,6,other,1
1,6944,5,other,1
1,6955,9,edu,2
1,6958,4,edu,2
1,6958,4,other,2
1,6968,7,eco,1
1,6969,9,edu,1
1,6972,7,edu,2
1,6977,8,edu,1
2,6980,4,other,2
1,6994,4,eco,2
1,6994,4,other,2
2,7004,4,edu,2
1,7010,4,edu,2
1,7013,5,edu,1
1,7014,5,edu,2
1,7021,5,edu,1
1,7022,3,edu,2
1,7023,4,edu,2
1,7024,6,eco,1
1,7039,5,edu,2
1,7042,9,edu,1
1,7043,7,edu,1
1,7044,4,edu,2
1,7047,4,eco,2
2,7050,4,eco,2
1,7054,8,eco,2
2,7059,2,eco,1
2,7060,1,eco,1
2,7061,1,eco,1
1,7086,6,eco,2
1,7086,6,other,2
1,7089,7,eco,2
1,7089,7,other,2
1,7092,4,edu,1
1,7093,4,edu,2
1,7094,3,edu,2
1,7095,2,edu,2
2,7108,4,eco,2
2,7111,1,edu,2
1,7129,9,other,1
1,7130,6,other,2
1,7149,3,edu,2
1,7149,3,other,2
1,7152,3,edu,1
1,7164,4,eco,1
1,7190,7,other,1
2,7207,4,eco,2
2,7224,3,other,2
2,7228,5,eco,1
2,7228,5,other,1
2,7229,4,eco,2
2,7229,4,other,2
1,7231,3,eco,1